1	смотрите	смотреть	VERB	_	Aspect=Imp|Mood=Imp|Number=Plur|Person=2|VerbForm=Fin|Voice=Act	_	_	_	@dg1985-words#0.0#0.331
2	а	а	CCONJ	_	_	_	_	_	@dg1985-words#0.331#0.662
3	как	как	ADV	_	Degree=Pos	_	_	_	@dg1985-words#0.662#0.993
4	вот	вот	PART	_	_	_	_	_	@dg1985-words#0.993#1.324
5	/	/	PUNCT	_	_	_	_	_	@dg1985-words#1.324#1.655
6	ээ	ээ	INTJ	_	_	_	_	_	@dg1985-words#1.655#1.986
7	быть	быть	AUX	_	Aspect=Imp|VerbForm=Inf|Voice=Act	_	_	_	@dg1985-words#1.986#2.317
8	я	я	PRON	_	Case=Nom|Number=Sing|Person=1	_	_	_	@dg1985-words#2.317#2.648
9	все	все	PRON	_	Animacy=Inan|Case=Acc|Gender=Neut|Number=Sing	_	_	_	@dg1985-words#2.648#2.979
10	знаете	знать	VERB	_	Aspect=Imp|Mood=Ind|Number=Plur|Person=2|Tense=Pres|VerbForm=Fin|Voice=Act	_	_	_	@dg1985-words#2.979#3.31
11	/	/	PUNCT	_	_	_	_	_	@dg1985-words#3.31#3.641
12	в	в	ADP	_	_	_	_	_	@dg1985-words#3.641#3.972
13	выходные	выходной	NOUN	_	Animacy=Inan|Case=Acc|Gender=Masc|Number=Plur	_	_	_	@dg1985-words#3.972#4.303
14	был	быть	AUX	_	Aspect=Imp|Gender=Masc|Mood=Ind|Number=Sing|Tense=Past|VerbForm=Fin|Voice=Act	_	_	_	@dg1985-words#4.303#4.634
15	в	в	ADP	_	_	_	_	_	@dg1985-words#4.634#4.965
16	Москве	Москва	PROPN	_	Animacy=Inan|Case=Loc|Gender=Fem|Number=Sing	_	_	_	@dg1985-words#4.965#5.296
17	все	все	PRON	_	Animacy=Inan|Case=Acc|Gender=Neut|Number=Sing	_	_	_	@dg1985-words#5.296#5.627
18	восхищаюсь	восхищаться	VERB	_	Aspect=Imp|Mood=Ind|Number=Sing|Person=1|Tense=Pres|VerbForm=Fin|Voice=Mid	_	_	_	@dg1985-words#5.627#5.958
19	нашей	наш	DET	_	Case=Ins|Gender=Fem|Number=Sing	_	_	_	@dg1985-words#5.958#6.289
20	столицей	столица	NOUN	_	Animacy=Inan|Case=Ins|Gender=Fem|Number=Sing	_	_	_	@dg1985-words#6.289#6.62
21	как	как	SCONJ	_	_	_	_	_	@dg1985-words#6.62#6.951
22	она	она	PRON	_	Case=Nom|Gender=Fem|Number=Sing|Person=3	_	_	_	@dg1985-words#6.951#7.282
23	развивается	развиваться	VERB	_	Aspect=Imp|Mood=Ind|Number=Sing|Person=3|Tense=Pres|VerbForm=Fin|Voice=Mid	_	_	_	@dg1985-words#7.282#7.613
24	просто	просто	PART	_	_	_	_	_	@dg1985-words#7.613#7.944
25	общественные	общественный	ADJ	_	Case=Nom|Degree=Pos|Number=Plur	_	_	_	@dg1985-words#7.944#8.275
26	пространства	пространство	NOUN	_	Animacy=Inan|Case=Nom|Gender=Neut|Number=Plur	_	_	_	@dg1985-words#8.275#8.606
27	/	/	PUNCT	_	_	_	_	_	@dg1985-words#8.606#8.937
28	там	там	ADV	_	Degree=Pos	_	_	_	@dg1985-words#8.937#9.28
29	все	все	PRON	_	Animacy=Inan|Case=Nom|Gender=Neut|Number=Sing	_	_	_	@dg1985-words#9.555#9.802
30	сделано	делать	VERB	_	Aspect=Perf|Gender=Neut|Number=Sing|Tense=Past|Variant=Short|VerbForm=Part|Voice=Pass	_	_	_	@dg1985-words#9.802#10.049
31	для	для	ADP	_	_	_	_	_	@dg1985-words#10.049#10.296
32	людей	человек	NOUN	_	Animacy=Anim|Case=Gen|Gender=Masc|Number=Plur	_	_	_	@dg1985-words#10.296#10.543
33	/	/	PUNCT	_	_	_	_	_	@dg1985-words#10.543#10.79
34	ну	ну	PART	_	_	_	_	_	@dg1985-words#10.79#11.037
35	делается	делать	VERB	_	Aspect=Imp|Mood=Ind|Number=Sing|Person=3|Tense=Pres|VerbForm=Fin|Voice=Mid	_	_	_	@dg1985-words#11.037#11.284
36	во	в	ADP	_	_	_	_	_	@dg1985-words#11.284#11.531
37	всяком	всякий	DET	_	Case=Loc|Gender=Masc|Number=Sing	_	_	_	@dg1985-words#11.531#11.778
38	случае	случай	NOUN	_	Animacy=Inan|Case=Loc|Gender=Masc|Number=Sing	_	_	_	@dg1985-words#11.778#12.025
39	/	/	PUNCT	_	_	_	_	_	@dg1985-words#12.025#12.272
40	да	да	PART	_	_	_	_	_	@dg1985-words#12.272#12.525
41	я	я	PRON	_	Case=Nom|Number=Sing|Person=1	_	_	_	@dg1985-words#12.72#12.967
42	я	я	PRON	_	Case=Nom|Number=Sing|Person=1	_	_	_	@dg1985-words#12.967#13.214
43	не	не	PART	_	_	_	_	_	@dg1985-words#13.214#13.461
44	говорю	говорить	VERB	_	Aspect=Imp|Mood=Ind|Number=Sing|Person=1|Tense=Pres|VerbForm=Fin|Voice=Act	_	_	_	@dg1985-words#13.461#13.708
45	там	там	ADV	_	Degree=Pos	_	_	_	@dg1985-words#13.708#13.955
46	каким	какой	DET	_	Case=Ins|Gender=Masc|Number=Sing	_	_	_	@dg1985-words#13.955#14.202
47	образом	образ	NOUN	_	Animacy=Inan|Case=Ins|Gender=Masc|Number=Sing	_	_	_	@dg1985-words#14.202#14.449
48	все	весь	DET	_	Case=Acc|Gender=Neut|Number=Sing	_	_	_	@dg1985-words#14.449#14.696
49	это	этот	PRON	_	Animacy=Inan|Case=Acc|Gender=Neut|Number=Sing	_	_	_	@dg1985-words#14.696#14.943
50	пиар	пиар	NOUN	_	Animacy=Inan|Case=Nom|Gender=Masc|Number=Sing	_	_	_	@dg1985-words#14.943#15.19
51	Собянин	Собянин	PROPN	_	Animacy=Anim|Case=Nom|Gender=Masc|Number=Sing	_	_	_	@dg1985-words#15.19#15.437
52	/	/	PUNCT	_	_	_	_	_	@dg1985-words#15.437#15.684
53	это	это	PRON	_	Animacy=Inan|Case=Nom|Gender=Neut|Number=Sing	_	_	_	@dg1985-words#15.684#15.931
54	вот	вот	PART	_	_	_	_	_	@dg1985-words#15.931#16.178
55	/	/	PUNCT	_	_	_	_	_	@dg1985-words#16.178#16.425
56	да	да	PART	_	_	_	_	_	@dg1985-words#16.425#16.672
57	/	/	PUNCT	_	_	_	_	_	@dg1985-words#16.672#16.919
58	вот	вот	PART	_	_	_	_	_	@dg1985-words#16.919#17.166
59	по	по	ADP	_	_	_	_	_	@dg1985-words#17.166#17.413
60	факту	факт	NOUN	_	Animacy=Inan|Case=Dat|Gender=Masc|Number=Sing	_	_	_	@dg1985-words#17.413#17.66
61	что	что	PRON	_	Case=Nom	_	_	_	@dg1985-words#17.66#17.907
62	получается	получаться	VERB	_	Aspect=Imp|Mood=Ind|Number=Sing|Person=3|Tense=Pres|VerbForm=Fin|Voice=Mid	_	_	_	@dg1985-words#17.907#18.154
63	да	да	PART	_	_	_	_	_	@dg1985-words#18.154#18.401
64	что	что	SCONJ	_	_	_	_	_	@dg1985-words#18.921#19.272
65	город	город	NOUN	_	Animacy=Inan|Case=Nom|Gender=Masc|Number=Sing	_	_	_	@dg1985-words#19.272#19.623
66	во-первых	во-первых	ADV	_	Degree=Pos	_	_	_	@dg1985-words#19.623#19.974
67	/	/	PUNCT	_	_	_	_	_	@dg1985-words#19.974#20.325
68	поехал	поехать	VERB	_	Aspect=Perf|Gender=Masc|Mood=Ind|Number=Sing|Tense=Past|VerbForm=Fin|Voice=Act	_	_	_	@dg1985-words#20.325#20.676
69	/	/	PUNCT	_	_	_	_	_	@dg1985-words#20.676#21.027
70	машины	машина	NOUN	_	Animacy=Inan|Case=Nom|Gender=Fem|Number=Plur	_	_	_	@dg1985-words#21.027#21.378
71	поехали	поехать	VERB	_	Aspect=Perf|Mood=Ind|Number=Plur|Tense=Past|VerbForm=Fin|Voice=Act	_	_	_	@dg1985-words#21.378#21.729
72	/	/	PUNCT	_	_	_	_	_	@dg1985-words#21.729#22.08
73	автобус	автобус	NOUN	_	Animacy=Inan|Case=Acc|Gender=Masc|Number=Sing	_	_	_	@dg1985-words#22.08#22.431
74	э	эра	INTJ	_	_	_	_	_	@dg1985-words#22.431#22.782
75	автобусы	автобус	NOUN	_	Animacy=Inan|Case=Nom|Gender=Masc|Number=Plur	_	_	_	@dg1985-words#22.782#23.133
76	/	/	PUNCT	_	_	_	_	_	@dg1985-words#23.133#23.484
77	тролейбусы	тролейбус	NOUN	_	Animacy=Inan|Case=Nom|Gender=Masc|Number=Plur	_	_	_	@dg1985-words#23.484#23.835
78	великолепно	великолепно	ADV	_	Degree=Pos	_	_	_	@dg1985-words#23.835#24.186
79	ходят	ходить	VERB	_	Aspect=Imp|Mood=Ind|Number=Plur|Person=3|Tense=Pres|VerbForm=Fin|Voice=Act	_	_	_	@dg1985-words#24.186#24.537
80	/	/	PUNCT	_	_	_	_	_	@dg1985-words#24.537#24.888
81	очень	очень	ADV	_	Degree=Pos	_	_	_	@dg1985-words#24.888#25.239
82	часто	часто	ADV	_	Degree=Pos	_	_	_	@dg1985-words#25.239#25.6
83	из	из	ADP	_	_	_	_	_	@dg1985-words#26.07#26.435
84	окраины	окраина	NOUN	_	Animacy=Inan|Case=Gen|Gender=Fem|Number=Sing	_	_	_	@dg1985-words#26.435#26.8
85	до	до	ADP	_	_	_	_	_	@dg1985-words#26.8#27.165
86	э	эра	NOUN	_	Animacy=Inan|Case=Gen|Gender=Fem|Number=Sing	_	_	_	@dg1985-words#27.165#27.53
87	центра	центр	NOUN	_	Animacy=Inan|Case=Gen|Gender=Masc|Number=Sing	_	_	_	@dg1985-words#27.53#27.895
88	можно	можно	ADV	_	Degree=Pos	_	_	_	@dg1985-words#27.895#28.26
89	добраться	добраться	VERB	_	Aspect=Perf|VerbForm=Inf|Voice=Mid	_	_	_	@dg1985-words#28.26#28.625
90	буквально	буквально	ADV	_	Degree=Pos	_	_	_	@dg1985-words#28.625#28.99
91	за	за	ADP	_	_	_	_	_	@dg1985-words#28.99#29.355
92	двадцать	двадцать	NUM	_	Case=Acc	_	_	_	@dg1985-words#29.355#29.72
93	двадцать	двадцать	NUM	_	Case=Acc	_	_	_	@dg1985-words#29.72#30.085
94	пять	пять	NUM	_	Case=Acc	_	_	_	@dg1985-words#30.085#30.45
95	минут	минута	NOUN	_	Animacy=Inan|Case=Gen|Gender=Fem|Number=Plur	_	_	_	@dg1985-words#30.45#30.82
96	экономика	экономика	NOUN	_	Animacy=Inan|Case=Nom|Gender=Fem|Number=Sing	_	_	_	@dg1985-words#30.94#31.64
97	развивается	развиваться	VERB	_	Aspect=Imp|Mood=Ind|Number=Sing|Person=3|Tense=Pres|VerbForm=Fin|Voice=Mid	_	_	_	@dg1985-words#31.64#32.34
98	много	много	ADV	_	Degree=Pos	_	_	_	@dg1985-words#32.725#33.225
99	появилось	появиться	VERB	_	Aspect=Perf|Gender=Neut|Mood=Ind|Number=Sing|Tense=Past|VerbForm=Fin|Voice=Mid	_	_	_	@dg1985-words#33.225#33.725
100	интересных	интересный	ADJ	_	Case=Gen|Degree=Pos|Number=Plur	_	_	_	@dg1985-words#33.725#34.225
101	мест	место	NOUN	_	Animacy=Inan|Case=Gen|Gender=Neut|Number=Plur	_	_	_	@dg1985-words#34.225#34.725
102	люди	человек	NOUN	_	Animacy=Anim|Case=Nom|Gender=Masc|Number=Plur	_	_	_	@dg1985-words#35.08#35.487
103	туда	туда	ADV	_	Degree=Pos	_	_	_	@dg1985-words#35.487#35.894
104	едут	ехать	VERB	_	Aspect=Imp|Mood=Ind|Number=Plur|Person=3|Tense=Pres|VerbForm=Fin|Voice=Act	_	_	_	@dg1985-words#35.894#36.301
105	/	/	PUNCT	_	_	_	_	_	@dg1985-words#36.301#36.708
106	люди	человек	NOUN	_	Animacy=Anim|Case=Nom|Gender=Masc|Number=Plur	_	_	_	@dg1985-words#36.708#37.115
107	туда	туда	ADV	_	Degree=Pos	_	_	_	@dg1985-words#37.115#37.522
108	везут	везти	VERB	_	Aspect=Imp|Mood=Ind|Number=Plur|Person=3|Tense=Pres|VerbForm=Fin|Voice=Act	_	_	_	@dg1985-words#37.522#37.929
109	деньги	деньги	NOUN	_	Animacy=Inan|Case=Nom|Gender=Fem|Number=Plur	_	_	_	@dg1985-words#37.929#38.336
110	инвестируют	инвестировать	VERB	_	Aspect=Imp|Mood=Ind|Number=Plur|Person=3|Tense=Pres|VerbForm=Fin|Voice=Act	_	_	_	@dg1985-words#38.336#38.743
111	в	в	ADP	_	_	_	_	_	@dg1985-words#38.743#39.15
112	москву	москва	NOUN	_	Animacy=Inan|Case=Acc|Gender=Fem|Number=Sing	_	_	_	@dg1985-words#39.15#39.56
113	от	от	ADP	_	_	_	_	_	@dg1985-words#40.22#40.713
114	питера	питер	NOUN	_	Animacy=Inan|Case=Gen|Gender=Masc|Number=Sing	_	_	_	@dg1985-words#40.713#41.206
115	отказываются	отказываться	VERB	_	Aspect=Imp|Mood=Ind|Number=Plur|Person=3|Tense=Pres|VerbForm=Fin|Voice=Mid	_	_	_	@dg1985-words#41.206#41.7
116	Питер	Питер	PROPN	_	Animacy=Inan|Case=Nom|Gender=Masc|Number=Sing	_	_	_	@dg1985-words#42.4#42.73
117	/	/	PUNCT	_	_	_	_	_	@dg1985-words#42.73#43.06
118	сами	сам	ADJ	_	Case=Nom|Degree=Pos|Number=Plur	_	_	_	@dg1985-words#43.06#43.39
119	бизнесмэны	бизнесмэна	NOUN	_	Animacy=Anim|Case=Nom|Gender=Masc|Number=Plur	_	_	_	@dg1985-words#43.39#43.72
120	которые	который	PRON	_	Case=Nom	_	_	_	@dg1985-words#43.72#44.05
121	здесь	здесь	ADV	_	Degree=Pos	_	_	_	@dg1985-words#44.05#44.38
122	работали	работать	VERB	_	Aspect=Imp|Mood=Ind|Number=Plur|Tense=Past|VerbForm=Fin|Voice=Act	_	_	_	@dg1985-words#44.38#44.71
123	долгие	долгий	ADJ	_	Animacy=Inan|Case=Acc|Degree=Pos|Number=Plur	_	_	_	@dg1985-words#44.71#45.04
124	годы	год	NOUN	_	Animacy=Inan|Case=Acc|Gender=Masc|Number=Plur	_	_	_	@dg1985-words#45.04#45.37
125	говорят	говорить	VERB	_	Aspect=Imp|Mood=Ind|Number=Plur|Person=3|Tense=Pres|VerbForm=Fin|Voice=Act	_	_	_	@dg1985-words#45.37#45.7
126	о	о	ADP	_	_	_	_	_	@dg1985-words#45.7#46.03
127	том	то	PRON	_	Animacy=Inan|Case=Loc|Gender=Neut|Number=Sing	_	_	_	@dg1985-words#46.03#46.36
128	что	что	SCONJ	_	_	_	_	_	@dg1985-words#46.36#46.69
129	сейчас	сейчас	ADV	_	Degree=Pos	_	_	_	@dg1985-words#46.69#47.02
130	просто	просто	PART	_	_	_	_	_	@dg1985-words#47.02#47.35
131	застой	застой	NOUN	_	Animacy=Inan|Case=Nom|Gender=Masc|Number=Sing	_	_	_	@dg1985-words#47.35#47.681
132	я	я	PRON	_	Case=Nom|Number=Sing|Person=1	_	_	_	@dg1985-words#48.055#48.215
133	я	я	PRON	_	Case=Nom|Number=Sing|Person=1	_	_	_	@dg1985-words#48.57#48.892
134	сейчас	сейчас	ADV	_	Degree=Pos	_	_	_	@dg1985-words#48.892#49.214
135	ничего	ничто	PRON	_	Case=Gen	_	_	_	@dg1985-words#49.214#49.536
136	не	не	PART	_	_	_	_	_	@dg1985-words#49.536#49.858
137	развиваю	развивать	VERB	_	Aspect=Imp|Mood=Ind|Number=Sing|Person=1|Tense=Pres|VerbForm=Fin|Voice=Act	_	_	_	@dg1985-words#49.858#50.18
138	/	/	PUNCT	_	_	_	_	_	@dg1985-words#50.18#50.502
139	я	я	PRON	_	Case=Nom|Number=Sing|Person=1	_	_	_	@dg1985-words#50.502#50.824
140	не	не	PART	_	_	_	_	_	@dg1985-words#50.824#51.146
141	могу	мочь	VERB	_	Aspect=Imp|Mood=Ind|Number=Sing|Person=1|Tense=Pres|VerbForm=Fin|Voice=Act	_	_	_	@dg1985-words#51.146#51.468
142	вкладываться	вкладываться	VERB	_	Aspect=Imp|VerbForm=Inf|Voice=Pass	_	_	_	@dg1985-words#51.468#51.79
143	/	/	PUNCT	_	_	_	_	_	@dg1985-words#51.79#52.112
144	потому	потому	ADV	_	Degree=Pos	_	_	_	@dg1985-words#52.112#52.434
145	что	что	SCONJ	_	_	_	_	_	@dg1985-words#52.434#52.756
146	чиновники	чиновник	NOUN	_	Animacy=Anim|Case=Nom|Gender=Masc|Number=Plur	_	_	_	@dg1985-words#52.756#53.078
147	меняют	менять	VERB	_	Aspect=Imp|Mood=Ind|Number=Plur|Person=3|Tense=Pres|VerbForm=Fin|Voice=Act	_	_	_	@dg1985-words#53.078#53.4
148	/	/	PUNCT	_	_	_	_	_	@dg1985-words#53.4#53.722
149	правила	правило	VERB	_	Aspect=Perf|Gender=Fem|Mood=Ind|Number=Sing|Tense=Past|VerbForm=Fin|Voice=Act	_	_	_	@dg1985-words#53.722#54.044
150	каждый	каждый	DET	_	Case=Acc|Gender=Masc|Number=Sing	_	_	_	@dg1985-words#54.044#54.366
151	день	день	NOUN	_	Animacy=Inan|Case=Acc|Gender=Masc|Number=Sing	_	_	_	@dg1985-words#54.366#54.69
152	невозможно	невозможный	ADJ	_	Degree=Pos|Gender=Neut|Number=Sing|Variant=Short	_	_	_	@dg1985-words#55.02#55.403
153	существовать	существовать	VERB	_	Aspect=Imp|VerbForm=Inf|Voice=Act	_	_	_	@dg1985-words#55.403#55.786
154	в	в	ADP	_	_	_	_	_	@dg1985-words#55.786#56.169
155	в	в	ADP	_	_	_	_	_	@dg1985-words#56.169#56.552
156	таких	такой	DET	_	Case=Loc|Number=Plur	_	_	_	@dg1985-words#56.552#56.935
157	условиях	условие	NOUN	_	Animacy=Inan|Case=Loc|Gender=Neut|Number=Plur	_	_	_	@dg1985-words#56.935#57.319
158	невозможно	невозможный	ADJ	_	Degree=Pos|Gender=Neut|Number=Sing|Variant=Short	_	_	_	@dg1985-words#57.671#58.079
159	существовать	существовать	VERB	_	Aspect=Imp|VerbForm=Inf|Voice=Act	_	_	_	@dg1985-words#58.079#58.487
160	без	без	ADP	_	_	_	_	_	@dg1985-words#58.487#58.895
161	поддержки	поддержка	NOUN	_	Animacy=Inan|Case=Gen|Gender=Fem|Number=Sing	_	_	_	@dg1985-words#58.895#59.303
162	а	а	CCONJ	_	_	_	_	_	@dg1985-words#59.303#59.711
163	поддержки	поддержка	NOUN	_	Animacy=Inan|Case=Gen|Gender=Fem|Number=Sing	_	_	_	@dg1985-words#59.711#60.119
164	от	от	ADP	_	_	_	_	_	@dg1985-words#60.119#60.527
165	города	город	NOUN	_	Animacy=Inan|Case=Gen|Gender=Masc|Number=Sing	_	_	_	@dg1985-words#60.527#60.935
166	нет	нет	VERB	_	Aspect=Imp|Mood=Ind|Number=Sing|Person=3|Tense=Pres|VerbForm=Fin|Voice=Act	_	_	_	@dg1985-words#60.935#61.351
167	ну	ну	PART	_	_	_	_	_	@dg1985-words#61.945#62.24
168	во	в	ADP	_	_	_	_	_	@dg1985-words#62.24#62.535
169	всяком	всякий	DET	_	Case=Loc|Gender=Masc|Number=Sing	_	_	_	@dg1985-words#62.535#62.83
170	случае	случай	NOUN	_	Animacy=Inan|Case=Loc|Gender=Masc|Number=Sing	_	_	_	@dg1985-words#62.83#63.125
171	предприниматели	предприниматель	NOUN	_	Animacy=Anim|Case=Nom|Gender=Masc|Number=Plur	_	_	_	@dg1985-words#63.125#63.42
172	этого	это	PRON	_	Animacy=Inan|Case=Gen|Gender=Neut|Number=Sing	_	_	_	@dg1985-words#63.42#63.715
173	не	не	PART	_	_	_	_	_	@dg1985-words#63.715#64.01
174	видят	видеть	VERB	_	Aspect=Imp|Mood=Ind|Number=Plur|Person=3|Tense=Pres|VerbForm=Fin|Voice=Act	_	_	_	@dg1985-words#64.01#64.305
175	ну	ну	PART	_	_	_	_	_	@dg1985-words#69.359#69.642
176	это	это	PRON	_	Animacy=Inan|Case=Nom|Gender=Neut|Number=Sing	_	_	_	@dg1985-words#69.642#69.925
177	понятно	понятный	ADJ	_	Degree=Pos|Gender=Neut|Number=Sing|Variant=Short	_	_	_	@dg1985-words#69.925#70.209
178	в	в	ADP	_	_	_	_	_	@dg1985-words#118.992#119.179
179	Москве	Москва	PROPN	_	Animacy=Inan|Case=Loc|Gender=Fem|Number=Sing	_	_	_	@dg1985-words#119.179#119.366
180	?	?	PUNCT	_	_	_	_	_	@dg1985-words#119.366#119.554
181	ой	а	NOUN	_	Animacy=Inan|Case=Ins|Gender=Fem|Number=Sing	_	_	_	@dg1985-words#120.112#120.418
182	/	/	PUNCT	_	_	_	_	_	@dg1985-words#120.418#120.724
183	мне	я	PRON	_	Case=Dat|Number=Sing|Person=1	_	_	_	@dg1985-words#120.724#121.03
184	кажется	казаться	VERB	_	Aspect=Imp|Mood=Ind|Number=Sing|Person=3|Tense=Pres|VerbForm=Fin|Voice=Mid	_	_	_	@dg1985-words#121.03#121.336
185	Питер	Питер	PROPN	_	Animacy=Inan|Case=Nom|Gender=Masc|Number=Sing	_	_	_	@dg1985-words#121.336#121.642
186	/	/	PUNCT	_	_	_	_	_	@dg1985-words#121.642#121.948
187	эээ	эээ	INTJ	_	_	_	_	_	@dg1985-words#121.948#122.254
188	/	/	PUNCT	_	_	_	_	_	@dg1985-words#122.254#122.56
189	невозможно	невозможный	ADJ	_	Degree=Pos|Gender=Neut|Number=Sing|Variant=Short	_	_	_	@dg1985-words#122.56#122.866
190	переплюнуть	переплюнуть	VERB	_	Aspect=Perf|VerbForm=Inf|Voice=Act	_	_	_	@dg1985-words#122.866#123.172
191	по	по	ADP	_	_	_	_	_	@dg1985-words#123.172#123.478
192	кухне	кухня	NOUN	_	Animacy=Inan|Case=Dat|Gender=Fem|Number=Sing	_	_	_	@dg1985-words#123.478#123.787
193	#смеется#	#смеется#	NOUN	_	Animacy=Inan|Case=Gen|Gender=Fem|Number=Sing	_	_	_	@dg1985-words#124.827#127.465
194	и	и	CCONJ	_	_	_	_	_	@dg1985-words#152.221#152.503
195	коммунальные	коммунальный	ADJ	_	Case=Nom|Degree=Pos|Number=Plur	_	_	_	@dg1985-words#152.503#152.785
196	аварии	авария	NOUN	_	Animacy=Inan|Case=Nom|Gender=Fem|Number=Plur	_	_	_	@dg1985-words#152.785#153.067
197	происходят	происходить	VERB	_	Aspect=Imp|Mood=Ind|Number=Plur|Person=3|Tense=Pres|VerbForm=Fin|Voice=Act	_	_	_	@dg1985-words#153.067#153.349
198	чуть	чуть	ADV	_	Degree=Pos	_	_	_	@dg1985-words#153.349#153.631
199	ли	ли	PART	_	_	_	_	_	@dg1985-words#153.631#153.913
200	не	не	PART	_	_	_	_	_	@dg1985-words#153.913#154.195
201	каждый	каждый	DET	_	Case=Acc|Gender=Masc|Number=Sing	_	_	_	@dg1985-words#154.195#154.477
202	день	день	NOUN	_	Animacy=Inan|Case=Acc|Gender=Masc|Number=Sing	_	_	_	@dg1985-words#154.477#154.761
203	э	эра	INTJ	_	_	_	_	_	@dg1985-words#155.51#155.89
204	вот	вот	PART	_	_	_	_	_	@dg1985-words#155.89#156.27
205	это	этот	DET	_	Case=Nom|Gender=Neut|Number=Sing	_	_	_	@dg1985-words#156.27#156.65
206	ЧП	чп	NOUN	_	Animacy=Inan|Case=Nom|Gender=Neut|Number=Sing	_	_	_	@dg1985-words#156.65#157.03
207	на	на	ADP	_	_	_	_	_	@dg1985-words#157.03#157.41
208	измайловском	измайловский	ADJ	_	Case=Loc|Degree=Pos|Gender=Masc|Number=Sing	_	_	_	@dg1985-words#157.41#157.79
209	проспекте	проспект	NOUN	_	Animacy=Inan|Case=Loc|Gender=Masc|Number=Sing	_	_	_	@dg1985-words#157.79#158.17
210	когда	когда	ADV	_	Degree=Pos	_	_	_	@dg1985-words#158.17#158.55
211	а	а	CCONJ	_	_	_	_	_	@dg1985-words#160.345#160.618
212	вообще	вообще	ADV	_	Degree=Pos	_	_	_	@dg1985-words#160.618#160.891
213	как	как	ADV	_	Degree=Pos	_	_	_	@dg1985-words#160.891#161.164
214	так	так	ADV	_	Degree=Pos	_	_	_	@dg1985-words#161.164#161.437
215	получается	получаться	VERB	_	Aspect=Imp|Mood=Ind|Number=Sing|Person=3|Tense=Pres|VerbForm=Fin|Voice=Mid	_	_	_	@dg1985-words#161.437#161.71
216	что	что	SCONJ	_	_	_	_	_	@dg1985-words#161.71#161.983
217	вот	вот	PART	_	_	_	_	_	@dg1985-words#161.983#162.256
218	например	например	ADV	_	Degree=Pos	_	_	_	@dg1985-words#162.256#162.529
219	труба	труба	NOUN	_	Animacy=Inan|Case=Nom|Gender=Fem|Number=Sing	_	_	_	@dg1985-words#162.529#162.802
220	/	/	PUNCT	_	_	_	_	_	@dg1985-words#162.802#163.075
221	она	она	PRON	_	Case=Nom|Gender=Fem|Number=Sing|Person=3	_	_	_	@dg1985-words#163.075#163.348
222	должна	должен	ADJ	_	Degree=Pos|Gender=Fem|Number=Sing|Variant=Short	_	_	_	@dg1985-words#163.348#163.621
223	прослужить	прослужить	VERB	_	Aspect=Perf|VerbForm=Inf|Voice=Act	_	_	_	@dg1985-words#163.621#163.894
224	двадцать	двадцать	NUM	_	Case=Acc	_	_	_	@dg1985-words#163.894#164.167
225	пять	пять	NUM	_	Case=Acc	_	_	_	@dg1985-words#164.167#164.44
226	лет	год	NOUN	_	Animacy=Inan|Case=Gen|Gender=Masc|Number=Plur	_	_	_	@dg1985-words#164.44#164.713
227	в	в	ADP	_	_	_	_	_	@dg1985-words#164.713#164.986
228	этом	этот	DET	_	Case=Loc|Gender=Masc|Number=Sing	_	_	_	@dg1985-words#164.986#165.259
229	году	год	NOUN	_	Animacy=Inan|Case=Loc|Gender=Masc|Number=Sing	_	_	_	@dg1985-words#165.259#165.532
230	все	все	PRON	_	Animacy=Inan|Case=Nom|Gender=Neut|Number=Sing	_	_	_	@dg1985-words#165.532#165.805
231	/	/	PUNCT	_	_	_	_	_	@dg1985-words#165.805#166.078
232	зако...	зако...	PROPN	_	Animacy=Anim|Case=Dat|Gender=Fem|Number=Sing	_	_	_	@dg1985-words#166.078#166.369
233	ну	ну	PART	_	_	_	_	_	@dg1985-words#171.06#171.334
234	/	/	PUNCT	_	_	_	_	_	@dg1985-words#171.334#171.608
235	двадцать	двадцать	NUM	_	Case=Acc	_	_	_	@dg1985-words#171.608#171.882
236	шесть	шесть	NUM	_	Case=Acc	_	_	_	@dg1985-words#171.882#172.156
237	она	она	PRON	_	Case=Nom|Gender=Fem|Number=Sing|Person=3	_	_	_	@dg1985-words#172.156#172.43
238	прослужила	прослужить	VERB	_	Aspect=Perf|Gender=Fem|Mood=Ind|Number=Sing|Tense=Past|VerbForm=Fin|Voice=Act	_	_	_	@dg1985-words#172.43#172.704
239	/	/	PUNCT	_	_	_	_	_	@dg1985-words#172.704#172.978
240	да	да	PART	_	_	_	_	_	@dg1985-words#172.978#173.252
241	/	/	PUNCT	_	_	_	_	_	@dg1985-words#173.252#173.526
242	и	и	CCONJ	_	_	_	_	_	@dg1985-words#173.526#173.8
243	знаете	знать	VERB	_	Aspect=Imp|Mood=Ind|Number=Plur|Person=2|Tense=Pres|VerbForm=Fin|Voice=Act	_	_	_	@dg1985-words#173.8#174.074
244	просто	просто	PART	_	_	_	_	_	@dg1985-words#174.074#174.348
245	продляют	продлять	VERB	_	Aspect=Imp|Mood=Ind|Number=Plur|Person=3|Tense=Pres|VerbForm=Fin|Voice=Act	_	_	_	@dg1985-words#174.348#174.622
246	срок	срок	NOUN	_	Animacy=Inan|Case=Acc|Gender=Masc|Number=Sing	_	_	_	@dg1985-words#174.622#174.896
247	службы	служба	NOUN	_	Animacy=Inan|Case=Gen|Gender=Fem|Number=Sing	_	_	_	@dg1985-words#174.896#175.182
248	не	не	PART	_	_	_	_	_	@dg1985-words#175.266#175.726
249	ремонтируют	ремонтировать	VERB	_	Aspect=Imp|Mood=Ind|Number=Plur|Person=3|Tense=Pres|VerbForm=Fin|Voice=Act	_	_	_	@dg1985-words#175.726#176.186
250	а	а	CCONJ	_	_	_	_	_	@dg1985-words#176.487#176.735
251	просто	просто	PART	_	_	_	_	_	@dg1985-words#176.735#176.983
252	продля...	продля..ент	PROPN	_	Animacy=Anim|Case=Dat|Gender=Fem|Number=Sing	_	_	_	@dg1985-words#176.983#177.231
253	н	на	NOUN	_	Animacy=Inan|Case=Gen|Gender=Fem|Number=Plur	_	_	_	@dg1985-words#177.231#177.479
254	не	не	PART	_	_	_	_	_	@dg1985-words#177.479#177.727
255	меняют	менять	VERB	_	Aspect=Imp|Mood=Ind|Number=Plur|Person=3|Tense=Pres|VerbForm=Fin|Voice=Act	_	_	_	@dg1985-words#177.727#177.975
256	точнее	точно	ADV	_	Degree=Cmp	_	_	_	@dg1985-words#177.975#178.223
257	/	/	PUNCT	_	_	_	_	_	@dg1985-words#178.223#178.471
258	ремонтируют	ремонтировать	VERB	_	Aspect=Imp|Mood=Ind|Number=Plur|Person=3|Tense=Pres|VerbForm=Fin|Voice=Act	_	_	_	@dg1985-words#178.471#178.719
259	/	/	PUNCT	_	_	_	_	_	@dg1985-words#178.719#178.967
260	латают	латать	VERB	_	Aspect=Imp|Mood=Ind|Number=Plur|Person=3|Tense=Pres|VerbForm=Fin|Voice=Act	_	_	_	@dg1985-words#178.967#179.215
261	/	/	PUNCT	_	_	_	_	_	@dg1985-words#179.215#179.463
262	чуть	чуть	ADV	_	Degree=Pos	_	_	_	@dg1985-words#179.463#179.711
263	ли	ли	PART	_	_	_	_	_	@dg1985-words#179.711#179.959
264	не	не	PART	_	_	_	_	_	@dg1985-words#179.959#180.207
265	каждый	каждый	DET	_	Case=Acc|Gender=Masc|Number=Sing	_	_	_	@dg1985-words#180.207#180.455
266	год	год	NOUN	_	Animacy=Inan|Case=Acc|Gender=Masc|Number=Sing	_	_	_	@dg1985-words#180.455#180.703
267	а	а	CCONJ	_	_	_	_	_	@dg1985-words#188.638#188.905
268	вот	вот	PART	_	_	_	_	_	@dg1985-words#188.905#189.172
269	на	на	ADP	_	_	_	_	_	@dg1985-words#189.172#189.439
270	ваш	ваш	DET	_	Case=Acc|Gender=Masc|Number=Sing	_	_	_	@dg1985-words#189.439#189.706
271	взгляд	взгляд	NOUN	_	Animacy=Inan|Case=Acc|Gender=Masc|Number=Sing	_	_	_	@dg1985-words#189.706#189.973
272	это	это	PRON	_	Animacy=Inan|Case=Nom|Gender=Neut|Number=Sing	_	_	_	@dg1985-words#189.973#190.24
273	/	/	PUNCT	_	_	_	_	_	@dg1985-words#190.24#190.507
274	вот	вот	PART	_	_	_	_	_	@dg1985-words#190.507#190.774
275	из-за	из-за	ADP	_	_	_	_	_	@dg1985-words#190.774#191.041
276	чего	что	PRON	_	Case=Gen	_	_	_	@dg1985-words#191.041#191.308
277	такое	такой	DET	_	Case=Nom|Gender=Neut|Number=Sing	_	_	_	@dg1985-words#191.308#191.575
278	происходит	происходить	VERB	_	Aspect=Imp|Mood=Ind|Number=Sing|Person=3|Tense=Pres|VerbForm=Fin|Voice=Act	_	_	_	@dg1985-words#191.575#191.842
279	/	/	PUNCT	_	_	_	_	_	@dg1985-words#191.842#192.109
280	это	это	PRON	_	Animacy=Inan|Case=Nom|Gender=Neut|Number=Sing	_	_	_	@dg1985-words#192.109#192.376
281	вот	вот	PART	_	_	_	_	_	@dg1985-words#192.376#192.648
282	такая	такой	DET	_	Case=Nom|Gender=Fem|Number=Sing	_	_	_	@dg1985-words#193.223#193.591
283	инфраструктура	инфраструктура	NOUN	_	Animacy=Inan|Case=Nom|Gender=Fem|Number=Sing	_	_	_	@dg1985-words#193.591#193.959
284	старая	старый	ADJ	_	Case=Nom|Degree=Pos|Gender=Fem|Number=Sing	_	_	_	@dg1985-words#193.959#194.327
285	/	/	PUNCT	_	_	_	_	_	@dg1985-words#194.327#194.695
286	что	что	PRON	_	Case=Nom	_	_	_	@dg1985-words#194.695#195.063
287	уже	уже	ADV	_	Degree=Pos	_	_	_	@dg1985-words#195.063#195.431
288	невозможно	невозможный	ADJ	_	Degree=Pos|Gender=Neut|Number=Sing|Variant=Short	_	_	_	@dg1985-words#195.431#195.799
289	ее	она	PRON	_	Case=Acc|Gender=Fem|Number=Sing|Person=3	_	_	_	@dg1985-words#195.799#196.167
290	поддерживать	поддерживать	VERB	_	Aspect=Imp|VerbForm=Inf|Voice=Act	_	_	_	@dg1985-words#196.167#196.535
291	/	/	PUNCT	_	_	_	_	_	@dg1985-words#196.535#196.903
292	или	или	CCONJ	_	_	_	_	_	@dg1985-words#196.903#197.271
293	это	это	PRON	_	Animacy=Inan|Case=Nom|Gender=Neut|Number=Sing	_	_	_	@dg1985-words#197.271#197.639
294	вот	вот	PART	_	_	_	_	_	@dg1985-words#197.639#198.007
295	такие	такой	DET	_	Case=Nom|Number=Plur	_	_	_	@dg1985-words#198.007#198.375
296	чиновники	чиновник	NOUN	_	Animacy=Anim|Case=Nom|Gender=Masc|Number=Plur	_	_	_	@dg1985-words#198.375#198.743
297	у	у	ADP	_	_	_	_	_	@dg1985-words#198.743#199.111
298	нас	мы	PRON	_	Case=Gen|Number=Plur|Person=1	_	_	_	@dg1985-words#199.111#199.479
299	эээ	эээ	NOUN	_	Animacy=Inan|Case=Nom|Gender=Neut|Number=Sing	_	_	_	@dg1985-words#199.479#199.847
300	старые	старый	ADJ	_	Case=Nom|Degree=Pos|Number=Plur	_	_	_	@dg1985-words#199.847#200.215
301	/	/	PUNCT	_	_	_	_	_	@dg1985-words#200.215#200.583
302	заскорузлые	заскорузлый	ADJ	_	Case=Nom|Degree=Pos|Number=Plur	_	_	_	@dg1985-words#200.583#200.951
303	/	/	PUNCT	_	_	_	_	_	@dg1985-words#200.951#201.319
304	кондовые	кондовый	ADJ	_	Case=Nom|Degree=Pos|Number=Plur	_	_	_	@dg1985-words#201.319#201.693
305	нет	нет	VERB	_	Aspect=Imp|Mood=Ind|Number=Sing|Person=3|Tense=Pres|VerbForm=Fin|Voice=Act	_	_	_	@dg1985-words#214.906#215.122
306	/	/	PUNCT	_	_	_	_	_	@dg1985-words#215.122#215.338
307	ну	ну	PART	_	_	_	_	_	@dg1985-words#215.338#215.554
308	прорывает	прорывать	VERB	_	Aspect=Imp|Mood=Ind|Number=Sing|Person=3|Tense=Pres|VerbForm=Fin|Voice=Act	_	_	_	@dg1985-words#215.554#215.77
309	эээ	эээ	NOUN	_	Animacy=Inan|Case=Nom|Gender=Neut|Number=Sing	_	_	_	@dg1985-words#215.77#215.986
310	/	/	PUNCT	_	_	_	_	_	@dg1985-words#215.986#216.202
311	каждый	каждый	DET	_	Case=Acc|Gender=Masc|Number=Sing	_	_	_	@dg1985-words#216.202#216.418
312	день	день	NOUN	_	Animacy=Inan|Case=Acc|Gender=Masc|Number=Sing	_	_	_	@dg1985-words#216.418#216.636
313	ну	ну	PART	_	_	_	_	_	@dg1985-words#218.61#218.835
314	/	/	PUNCT	_	_	_	_	_	@dg1985-words#218.835#219.06
315	без	без	ADP	_	_	_	_	_	@dg1985-words#219.06#219.285
316	жертв	жертва	NOUN	_	Animacy=Anim|Case=Gen|Gender=Fem|Number=Plur	_	_	_	@dg1985-words#219.285#219.51
317	/	/	PUNCT	_	_	_	_	_	@dg1985-words#219.51#219.735
318	да	д	PART	_	_	_	_	_	@dg1985-words#219.735#219.96
319	но	но	CCONJ	_	_	_	_	_	@dg1985-words#219.96#220.186
320	то	то	PRON	_	Animacy=Inan|Case=Nom|Gender=Neut|Number=Sing	_	_	_	@dg1985-words#220.992#221.2
321	в	в	ADP	_	_	_	_	_	@dg1985-words#221.2#221.408
322	одном	один	NUM	_	Case=Loc|Gender=Masc	_	_	_	@dg1985-words#221.408#221.616
323	районе	район	NOUN	_	Animacy=Inan|Case=Loc|Gender=Masc|Number=Sing	_	_	_	@dg1985-words#221.616#221.824
324	/	/	PUNCT	_	_	_	_	_	@dg1985-words#221.824#222.032
325	то	то	SCONJ	_	_	_	_	_	@dg1985-words#222.032#222.24
326	в	в	ADP	_	_	_	_	_	@dg1985-words#222.24#222.448
327	другом	другой	ADJ	_	Case=Loc|Degree=Pos|Gender=Masc|Number=Sing	_	_	_	@dg1985-words#222.448#222.656
328	районе	район	NOUN	_	Animacy=Inan|Case=Loc|Gender=Masc|Number=Sing	_	_	_	@dg1985-words#222.656#222.872
329	ну	ну	PART	_	_	_	_	_	@dg1985-words#223.201#223.526
330	с	с	ADP	_	_	_	_	_	@dg1985-words#223.526#223.851
331	началом	начало	NOUN	_	Animacy=Inan|Case=Ins|Gender=Neut|Number=Sing	_	_	_	@dg1985-words#223.851#224.176
332	отпительного	отпительный	ADJ	_	Case=Gen|Degree=Pos|Gender=Masc|Number=Sing	_	_	_	@dg1985-words#224.176#224.501
333	сезона	сезон	NOUN	_	Animacy=Inan|Case=Gen|Gender=Masc|Number=Sing	_	_	_	@dg1985-words#224.501#224.826
334	или	или	CCONJ	_	_	_	_	_	@dg1985-words#230.46#230.795
335	это	это	PRON	_	Animacy=Inan|Case=Nom|Gender=Neut|Number=Sing	_	_	_	@dg1985-words#230.795#231.13
336	такая	такой	DET	_	Case=Nom|Gender=Fem|Number=Sing	_	_	_	@dg1985-words#231.13#231.465
337	особенность	особенность	NOUN	_	Animacy=Inan|Case=Nom|Gender=Fem|Number=Sing	_	_	_	@dg1985-words#231.465#231.8
338	Питера	Питер	PROPN	_	Animacy=Inan|Case=Gen|Gender=Masc|Number=Sing	_	_	_	@dg1985-words#231.8#232.135
339	/	/	PUNCT	_	_	_	_	_	@dg1985-words#232.135#232.47
340	просто	просто	PART	_	_	_	_	_	@dg1985-words#232.47#232.805
341	магическое	магический	ADJ	_	Case=Nom|Degree=Pos|Gender=Neut|Number=Sing	_	_	_	@dg1985-words#232.805#233.14
342	место	место	NOUN	_	Animacy=Inan|Case=Nom|Gender=Neut|Number=Sing	_	_	_	@dg1985-words#233.14#233.475
343	где	где	ADV	_	Degree=Pos	_	_	_	@dg1985-words#233.475#233.81
344	все	все	PRON	_	Animacy=Inan|Case=Nom|Gender=Neut|Number=Sing	_	_	_	@dg1985-words#233.81#234.145
345	прорывает	прорывать	VERB	_	Aspect=Imp|Mood=Ind|Number=Sing|Person=3|Tense=Pres|VerbForm=Fin|Voice=Act	_	_	_	@dg1985-words#234.145#234.49
346	затапливает	затапливать	VERB	_	Aspect=Imp|Mood=Ind|Number=Sing|Person=3|Tense=Pres|VerbForm=Fin|Voice=Act	_	_	_	@dg1985-words#235.851#236.218
347	площадь	площадь	NOUN	_	Animacy=Inan|Case=Acc|Gender=Fem|Number=Sing	_	_	_	@dg1985-words#236.218#236.585
348	ленина	ленин	NOUN	_	Animacy=Anim|Case=Gen|Gender=Masc|Number=Sing	_	_	_	@dg1985-words#236.585#236.952
349	/	/	PUNCT	_	_	_	_	_	@dg1985-words#236.952#237.319
350	и	и	CCONJ	_	_	_	_	_	@dg1985-words#237.319#237.686
351	там	там	ADV	_	Degree=Pos	_	_	_	@dg1985-words#237.686#238.053
352	невозможно	невозможный	ADJ	_	Degree=Pos|Gender=Neut|Number=Sing|Variant=Short	_	_	_	@dg1985-words#238.053#238.42
353	митинговать	митинговать	VERB	_	Aspect=Imp|VerbForm=Inf|Voice=Act	_	_	_	@dg1985-words#238.42#238.787
354	например	например	ADV	_	Degree=Pos	_	_	_	@dg1985-words#238.787#239.155
355	а	а	CCONJ	_	_	_	_	_	@dg1985-words#273.035#273.493
356	чиновники	чиновник	NOUN	_	Animacy=Anim|Case=Nom|Gender=Masc|Number=Plur	_	_	_	@dg1985-words#273.493#273.951
357	разоблачают	разоблачить	VERB	_	Aspect=Imp|Mood=Ind|Number=Plur|Person=3|Tense=Pres|VerbForm=Fin|Voice=Act	_	_	_	@dg1985-words#273.951#274.409
358	сталинизм	сталинизм	NOUN	_	Animacy=Inan|Case=Acc|Gender=Masc|Number=Sing	_	_	_	@dg1985-words#274.409#274.867
359	?	?	PUNCT	_	_	_	_	_	@dg1985-words#274.867#275.325
360	вот	вот	PART	_	_	_	_	_	@dg1985-words#275.819#276.162
361	в	в	ADP	_	_	_	_	_	@dg1985-words#276.162#276.505
362	смольном	смольный	ADJ	_	Case=Loc|Degree=Pos|Gender=Neut|Number=Sing	_	_	_	@dg1985-words#276.505#276.848
363	/	/	PUNCT	_	_	_	_	_	@dg1985-words#276.848#277.191
364	в	в	ADP	_	_	_	_	_	@dg1985-words#277.191#277.534
365	районной	районный	ADJ	_	Case=Loc|Degree=Pos|Gender=Fem|Number=Sing	_	_	_	@dg1985-words#277.534#277.877
366	чиновники	чиновник	NOUN	_	Animacy=Anim|Case=Nom|Gender=Masc|Number=Plur	_	_	_	@dg1985-words#277.877#278.22
367	/	/	PUNCT	_	_	_	_	_	@dg1985-words#278.22#278.563
368	они	они	PRON	_	Case=Nom|Number=Plur|Person=3	_	_	_	@dg1985-words#278.563#278.906
369	разоблачают	разоблачить	VERB	_	Aspect=Imp|Mood=Ind|Number=Plur|Person=3|Tense=Pres|VerbForm=Fin|Voice=Act	_	_	_	@dg1985-words#278.906#279.249
370	сталинизм	сталинизм	NOUN	_	Animacy=Inan|Case=Acc|Gender=Masc|Number=Sing	_	_	_	@dg1985-words#279.249#279.592
371	?	?	PUNCT	_	_	_	_	_	@dg1985-words#279.592#279.936
372	ну	ну	PART	_	_	_	_	_	@dg1985-words#280.9#281.127
373	/	/	PUNCT	_	_	_	_	_	@dg1985-words#281.127#281.354
374	федеральные	федеральный	ADJ	_	Case=Nom|Degree=Pos|Number=Plur	_	_	_	@dg1985-words#281.354#281.581
375	/	/	PUNCT	_	_	_	_	_	@dg1985-words#281.581#281.808
376	я	я	PRON	_	Case=Nom|Number=Sing|Person=1	_	_	_	@dg1985-words#281.808#282.035
377	говорю	говорить	VERB	_	Aspect=Imp|Mood=Ind|Number=Sing|Person=1|Tense=Pres|VerbForm=Fin|Voice=Act	_	_	_	@dg1985-words#282.035#282.262
378	про	про	ADP	_	_	_	_	_	@dg1985-words#282.262#282.489
379	Питер	Питер	PROPN	_	Animacy=Inan|Case=Nom|Gender=Masc|Number=Sing	_	_	_	@dg1985-words#282.489#282.722
380	амм	амма	ADJ	_	Case=Gen|Degree=Pos|Gender=Fem|Number=Sing	_	_	_	@dg1985-words#284.712#285.432
381	эээ	эээ	NOUN	_	Animacy=Inan|Case=Gen|Gender=Fem|Number=Sing	_	_	_	@dg1985-words#286.585#286.966
382	смотрите	смотреть	VERB	_	Aspect=Imp|Mood=Imp|Number=Plur|Person=2|VerbForm=Fin|Voice=Act	_	_	_	@dg1985-words#286.966#287.347
383	/	/	PUNCT	_	_	_	_	_	@dg1985-words#287.347#287.728
384	следующая	следующий	ADJ	_	Case=Nom|Degree=Pos|Gender=Fem|Number=Sing	_	_	_	@dg1985-words#287.728#288.109
385	история	история	NOUN	_	Animacy=Inan|Case=Nom|Gender=Fem|Number=Sing	_	_	_	@dg1985-words#288.109#288.49
386	которую	который	PRON	_	Case=Acc	_	_	_	@dg1985-words#288.49#288.871
387	/	/	PUNCT	_	_	_	_	_	@dg1985-words#288.871#289.252
388	я	я	PRON	_	Case=Nom|Number=Sing|Person=1	_	_	_	@dg1985-words#289.252#289.633
389	хотел	хотеть	VERB	_	Aspect=Imp|Gender=Masc|Mood=Ind|Number=Sing|Tense=Past|VerbForm=Fin|Voice=Act	_	_	_	@dg1985-words#289.633#290.014
390	чтобы	чтобы	SCONJ	_	Mood=Cnd	_	_	_	@dg1985-words#290.014#290.395
391	вы	вы	PRON	_	Case=Nom|Number=Plur|Person=2	_	_	_	@dg1985-words#290.395#290.776
392	прокомментировали	комментировать	VERB	_	Aspect=Perf|Mood=Ind|Number=Plur|Tense=Past|VerbForm=Fin|Voice=Act	_	_	_	@dg1985-words#290.776#291.157
393	/	/	PUNCT	_	_	_	_	_	@dg1985-words#291.157#291.538
394	это	это	PRON	_	Animacy=Inan|Case=Nom|Gender=Neut|Number=Sing	_	_	_	@dg1985-words#291.538#291.919
395	обвинение	обвинение	NOUN	_	Animacy=Inan|Case=Acc|Gender=Neut|Number=Sing	_	_	_	@dg1985-words#291.919#292.3
396	в	в	ADP	_	_	_	_	_	@dg1985-words#292.3#292.681
397	/	/	PUNCT	_	_	_	_	_	@dg1985-words#292.681#293.062
398	адрес	адрес	NOUN	_	Animacy=Inan|Case=Acc|Gender=Masc|Number=Sing	_	_	_	@dg1985-words#293.062#293.443
399	э	эра	X	_	Foreign=Yes	_	_	_	@dg1985-words#293.443#293.824
400	/	/	PUNCT	_	_	_	_	_	@dg1985-words#293.824#294.205
401	саратника	саратник	NOUN	_	Animacy=Anim|Case=Acc|Gender=Masc|Number=Sing	_	_	_	@dg1985-words#294.205#294.586
402	Юрия	Юрий	PROPN	_	Animacy=Anim|Case=Acc|Gender=Masc|Number=Sing	_	_	_	@dg1985-words#294.586#294.967
403	Дмитриева	Дмитриева	PROPN	_	Animacy=Anim|Case=Acc|Gender=Masc|Number=Sing	_	_	_	@dg1985-words#294.967#295.348
404	/	/	PUNCT	_	_	_	_	_	@dg1985-words#295.348#295.729
405	общество	общество	NOUN	_	Animacy=Inan|Case=Acc|Gender=Neut|Number=Sing	_	_	_	@dg1985-words#295.729#296.11
406	мемориал	мемориал	NOUN	_	Animacy=Inan|Case=Nom|Gender=Masc|Number=Sing	_	_	_	@dg1985-words#296.11#296.491
407	/	/	PUNCT	_	_	_	_	_	@dg1985-words#296.491#296.872
408	карелия	карелие	NOUN	_	Animacy=Inan|Case=Nom|Gender=Fem|Number=Sing	_	_	_	@dg1985-words#296.872#297.265
409	эээ	эээ	X	_	Foreign=Yes	_	_	_	@dg1985-words#297.627#298.277
410	эээ	эээ	X	_	Foreign=Yes	_	_	_	@dg1985-words#298.702#299.135
411	Сергей	Сергей	PROPN	_	Animacy=Anim|Case=Nom|Gender=Masc|Number=Sing	_	_	_	@dg1985-words#299.135#299.568
412	Колтырин	Колтырин	PROPN	_	Animacy=Anim|Case=Nom|Gender=Masc|Number=Sing	_	_	_	@dg1985-words#299.568#300.001
413	/	/	PUNCT	_	_	_	_	_	@dg1985-words#300.001#300.434
414	Юрий	Юрий	PROPN	_	Animacy=Anim|Case=Nom|Gender=Masc|Number=Sing	_	_	_	@dg1985-words#300.434#300.867
415	Дмитриев	Дмитриев	PROPN	_	Animacy=Anim|Case=Nom|Gender=Masc|Number=Sing	_	_	_	@dg1985-words#300.867#301.3
416	/	/	PUNCT	_	_	_	_	_	@dg1985-words#301.3#301.733
417	это	это	PRON	_	Animacy=Inan|Case=Nom|Gender=Neut|Number=Sing	_	_	_	@dg1985-words#301.733#302.166
418	два	два	NUM	_	Case=Nom|Gender=Masc	_	_	_	@dg1985-words#302.166#302.599
419	человека	человек	NOUN	_	Animacy=Anim|Case=Gen|Gender=Masc|Number=Sing	_	_	_	@dg1985-words#302.599#303.032
420	которые	который	PRON	_	Case=Nom	_	_	_	@dg1985-words#303.032#303.465
421	занимались	заниматься	VERB	_	Aspect=Imp|Mood=Ind|Number=Plur|Tense=Past|VerbForm=Fin|Voice=Mid	_	_	_	@dg1985-words#303.465#303.898
422	/	/	PUNCT	_	_	_	_	_	@dg1985-words#303.898#304.331
423	расследованием	расследование	NOUN	_	Animacy=Inan|Case=Ins|Gender=Neut|Number=Sing	_	_	_	@dg1985-words#304.331#304.764
424	в	в	ADP	_	_	_	_	_	@dg1985-words#304.764#305.197
425	/	/	PUNCT	_	_	_	_	_	@dg1985-words#305.197#305.63
426	Сандармохе	Сандармохо	PROPN	_	_	_	_	_	@dg1985-words#305.63#306.063
427	/	/	PUNCT	_	_	_	_	_	@dg1985-words#306.063#306.496
428	раскопками	раскопка	NOUN	_	Animacy=Inan|Case=Ins|Gender=Fem|Number=Plur	_	_	_	@dg1985-words#306.496#306.929
429	амм	амма	NOUN	_	Animacy=Inan|Case=Gen|Gender=Fem|Number=Plur	_	_	_	@dg1985-words#306.929#307.372
430	эээ	эээ	INTJ	_	_	_	_	_	@dg1985-words#308.02#308.448
431	захоронений	захоронение	NOUN	_	Animacy=Inan|Case=Gen|Gender=Neut|Number=Plur	_	_	_	@dg1985-words#309.459#310.013
432	/	/	PUNCT	_	_	_	_	_	@dg1985-words#310.013#310.567
433	расстрелянных	расстрелять	VERB	_	Aspect=Perf|Case=Gen|Number=Plur|Tense=Past|VerbForm=Part|Voice=Pass	_	_	_	@dg1985-words#310.567#311.121
434	/	/	PUNCT	_	_	_	_	_	@dg1985-words#311.121#311.675
435	НКВДшниками	НКВДшника	NOUN	_	Animacy=Anim|Case=Ins|Gender=Masc|Number=Plur	_	_	_	@dg1985-words#311.675#312.229
436	/	/	PUNCT	_	_	_	_	_	@dg1985-words#312.229#312.783
437	жертв	жертва	NOUN	_	Animacy=Anim|Case=Gen|Gender=Fem|Number=Plur	_	_	_	@dg1985-words#312.783#313.337
438	политических	политический	ADJ	_	Case=Gen|Degree=Pos|Number=Plur	_	_	_	@dg1985-words#313.337#313.891
439	репрессий	репрессия	NOUN	_	Animacy=Inan|Case=Gen|Gender=Fem|Number=Plur	_	_	_	@dg1985-words#313.891#314.453
440	ну	ну	PART	_	_	_	_	_	@djup1961m-words#65.26#65.551
441	со	с	ADP	_	_	_	_	_	@djup1961m-words#65.551#65.842
442	своей	свой	DET	_	Case=Gen|Gender=Fem|Number=Sing	_	_	_	@djup1961m-words#65.842#66.133
443	стороны	сторона	NOUN	_	Animacy=Inan|Case=Gen|Gender=Fem|Number=Sing	_	_	_	@djup1961m-words#66.133#66.424
444	могу	мочь	VERB	_	Aspect=Imp|Mood=Ind|Number=Sing|Person=1|Tense=Pres|VerbForm=Fin|Voice=Act	_	_	_	@djup1961m-words#66.424#66.715
445	сказать	сказать	VERB	_	Aspect=Perf|VerbForm=Inf|Voice=Act	_	_	_	@djup1961m-words#66.715#67.006
446	что	что	PRON	_	Case=Acc	_	_	_	@djup1961m-words#67.006#67.297
447	лично	лично	ADV	_	Degree=Pos	_	_	_	@djup1961m-words#67.297#67.588
448	я	я	PRON	_	Case=Nom|Number=Sing|Person=1	_	_	_	@djup1961m-words#67.588#67.879
449	/	/	PUNCT	_	_	_	_	_	@djup1961m-words#67.879#68.17
450	все	весь	DET	_	Case=Acc|Number=Plur	_	_	_	@djup1961m-words#68.17#68.461
451	деньги	деньги	NOUN	_	Animacy=Inan|Case=Acc|Gender=Fem|Number=Plur	_	_	_	@djup1961m-words#68.461#68.752
452	зарабатываю	зарабатывать	VERB	_	Aspect=Imp|Mood=Ind|Number=Sing|Person=1|Tense=Pres|VerbForm=Fin|Voice=Act	_	_	_	@djup1961m-words#68.752#69.043
453	в	в	ADP	_	_	_	_	_	@djup1961m-words#69.043#69.334
454	Москве	Москва	PROPN	_	Animacy=Inan|Case=Loc|Gender=Fem|Number=Sing	_	_	_	@djup1961m-words#69.334#69.63
455	ну	ну	PART	_	_	_	_	_	@djup1961m-words#70.42#70.64
456	как	как	SCONJ	_	_	_	_	_	@djup1961m-words#70.64#70.86
457	/	/	PUNCT	_	_	_	_	_	@djup1961m-words#70.86#71.08
458	что	что	PRON	_	Case=Acc	_	_	_	@djup1961m-words#71.08#71.3
459	значит	значить	VERB	_	Aspect=Imp|Mood=Ind|Number=Sing|Person=3|Tense=Pres|VerbForm=Fin|Voice=Act	_	_	_	@djup1961m-words#71.3#71.52
460	/	/	PUNCT	_	_	_	_	_	@djup1961m-words#71.52#71.74
461	понятно	понятный	ADV	_	Degree=Pos	_	_	_	@djup1961m-words#71.74#71.96
462	/	/	PUNCT	_	_	_	_	_	@djup1961m-words#71.96#72.18
463	вот	вот	PART	_	_	_	_	_	@djup1961m-words#72.18#72.4
464	живу	жить	VERB	_	Aspect=Imp|Mood=Ind|Number=Sing|Person=1|Tense=Pres|VerbForm=Fin|Voice=Act	_	_	_	@djup1961m-words#72.4#72.62
465	я	я	PRON	_	Case=Nom|Number=Sing|Person=1	_	_	_	@djup1961m-words#72.62#72.84
466	здесь	здесь	ADV	_	Degree=Pos	_	_	_	@djup1961m-words#72.84#73.06
467	а	а	CCONJ	_	_	_	_	_	@djup1961m-words#73.06#73.28
468	деньги	деньги	NOUN	_	Animacy=Inan|Case=Nom|Gender=Fem|Number=Plur	_	_	_	@djup1961m-words#73.28#73.5
469	зарабатываю	зарабатывать	VERB	_	Aspect=Imp|Mood=Ind|Number=Sing|Person=1|Tense=Pres|VerbForm=Fin|Voice=Act	_	_	_	@djup1961m-words#73.5#73.72
470	там	там	ADV	_	Degree=Pos	_	_	_	@djup1961m-words#73.72#73.944
471	да	да	PART	_	_	_	_	_	@djup1961m-words#74.077#74.375
472	/	/	PUNCT	_	_	_	_	_	@djup1961m-words#74.375#74.673
473	потому	потому	ADV	_	Degree=Pos	_	_	_	@djup1961m-words#74.673#74.971
474	что	что	SCONJ	_	_	_	_	_	@djup1961m-words#74.971#75.269
475	там	там	ADV	_	Degree=Pos	_	_	_	@djup1961m-words#75.269#75.567
476	вся	весь	DET	_	Case=Nom|Gender=Fem|Number=Sing	_	_	_	@djup1961m-words#75.567#75.865
477	деловая	деловой	ADJ	_	Case=Nom|Degree=Pos|Gender=Fem|Number=Sing	_	_	_	@djup1961m-words#75.865#76.163
478	жизнь	жизнь	NOUN	_	Animacy=Inan|Case=Nom|Gender=Fem|Number=Sing	_	_	_	@djup1961m-words#76.163#76.461
479	сосредоточена	сосредоточить	VERB	_	Aspect=Perf|Gender=Fem|Number=Sing|Tense=Past|Variant=Short|VerbForm=Part|Voice=Pass	_	_	_	@djup1961m-words#76.461#76.767
480	здесь	здесь	ADV	_	Degree=Pos	_	_	_	@djup1961m-words#77.03#77.335
481	у	у	ADP	_	_	_	_	_	@djup1961m-words#77.335#77.64
482	нас	мы	PRON	_	Case=Gen|Number=Plur|Person=1	_	_	_	@djup1961m-words#77.64#77.945
483	/	/	PUNCT	_	_	_	_	_	@djup1961m-words#77.945#78.25
484	сонный	сонный	ADJ	_	Case=Nom|Degree=Pos|Gender=Masc|Number=Sing	_	_	_	@djup1961m-words#78.25#78.555
485	/	/	PUNCT	_	_	_	_	_	@djup1961m-words#78.555#78.86
486	райцентр	райцентр	NOUN	_	Animacy=Inan|Case=Nom|Gender=Masc|Number=Sing	_	_	_	@djup1961m-words#78.86#79.17
487	почему	почему	ADV	_	Degree=Pos	_	_	_	@djup1961m-words#80.195#80.53
488	не	не	PART	_	_	_	_	_	@djup1961m-words#80.53#80.865
489	предпринимаются	предпринимать	VERB	_	Aspect=Imp|Mood=Ind|Number=Plur|Person=3|Tense=Pres|VerbForm=Fin|Voice=Pass	_	_	_	@djup1961m-words#80.865#81.2
490	никакие	никакой	DET	_	Case=Nom|Number=Plur	_	_	_	@djup1961m-words#81.2#81.535
491	меры	мера	NOUN	_	Animacy=Inan|Case=Nom|Gender=Fem|Number=Plur	_	_	_	@djup1961m-words#81.535#81.87
492	к	к	ADP	_	_	_	_	_	@djup1961m-words#81.87#82.205
493	ыы	ы	NOUN	_	Animacy=Inan|Case=Gen|Gender=Fem|Number=Sing	_	_	_	@djup1961m-words#82.205#82.54
494	/	/	PUNCT	_	_	_	_	_	@djup1961m-words#82.54#82.875
495	так	так	ADV	_	Degree=Pos	_	_	_	@djup1961m-words#82.875#83.21
496	сказать	сказать	VERB	_	Aspect=Perf|VerbForm=Inf|Voice=Act	_	_	_	@djup1961m-words#83.21#83.545
497	/	/	PUNCT	_	_	_	_	_	@djup1961m-words#83.545#83.88
498	взбадриванию	взбадривание	NOUN	_	Animacy=Inan|Case=Dat|Gender=Neut|Number=Sing	_	_	_	@djup1961m-words#83.88#84.215
499	деловой	деловой	ADJ	_	Case=Gen|Degree=Pos|Gender=Fem|Number=Sing	_	_	_	@djup1961m-words#84.215#84.55
500	жизни	жизнь	NOUN	_	Animacy=Inan|Case=Gen|Gender=Fem|Number=Sing	_	_	_	@djup1961m-words#84.55#84.885
501	/	/	PUNCT	_	_	_	_	_	@djup1961m-words#84.885#85.22
502	для	для	ADP	_	_	_	_	_	@djup1961m-words#85.22#85.555
503	меня	я	PRON	_	Case=Gen|Number=Sing|Person=1	_	_	_	@djup1961m-words#85.555#85.89
504	загадка	загадка	NOUN	_	Animacy=Inan|Case=Nom|Gender=Fem|Number=Sing	_	_	_	@djup1961m-words#85.89#86.225
505	/	/	PUNCT	_	_	_	_	_	@djup1961m-words#86.225#86.56
506	может	мочь	VERB	_	Aspect=Imp|Mood=Ind|Number=Sing|Person=3|Tense=Pres|VerbForm=Fin|Voice=Act	_	_	_	@djup1961m-words#86.56#86.895
507	/	/	PUNCT	_	_	_	_	_	@djup1961m-words#86.895#87.23
508	не	не	PART	_	_	_	_	_	@djup1961m-words#87.23#87.565
509	умеют	уметь	VERB	_	Aspect=Imp|Mood=Ind|Number=Plur|Person=3|Tense=Pres|VerbForm=Fin|Voice=Act	_	_	_	@djup1961m-words#87.565#87.9
510	/	/	PUNCT	_	_	_	_	_	@djup1961m-words#87.9#88.235
511	может	мочь	VERB	_	Aspect=Imp|Mood=Ind|Number=Sing|Person=3|Tense=Pres|VerbForm=Fin|Voice=Act	_	_	_	@djup1961m-words#88.235#88.57
512	/	/	PUNCT	_	_	_	_	_	@djup1961m-words#88.57#88.905
513	не	не	PART	_	_	_	_	_	@djup1961m-words#88.905#89.24
514	знают	знать	VERB	_	Aspect=Imp|Mood=Ind|Number=Plur|Person=3|Tense=Pres|VerbForm=Fin|Voice=Act	_	_	_	@djup1961m-words#89.24#89.575
515	/	/	PUNCT	_	_	_	_	_	@djup1961m-words#89.575#89.91
516	но	но	CCONJ	_	_	_	_	_	@djup1961m-words#89.91#90.245
517	в	в	ADP	_	_	_	_	_	@djup1961m-words#90.245#90.58
518	результате	результат	NOUN	_	Animacy=Inan|Case=Loc|Gender=Masc|Number=Sing	_	_	_	@djup1961m-words#90.58#90.915
519	вот	вот	PART	_	_	_	_	_	@djup1961m-words#90.915#91.25
520	мне	я	PRON	_	Case=Dat|Number=Sing|Person=1	_	_	_	@djup1961m-words#91.25#91.585
521	это	это	PRON	_	Animacy=Inan|Case=Acc|Gender=Neut|Number=Sing	_	_	_	@djup1961m-words#91.585#91.92
522	/	/	PUNCT	_	_	_	_	_	@djup1961m-words#91.92#92.255
523	глубоко	глубоко	ADV	_	Degree=Pos	_	_	_	@djup1961m-words#92.255#92.59
524	безразлично	безразлично	ADJ	_	Degree=Pos|Gender=Neut|Number=Sing|Variant=Short	_	_	_	@djup1961m-words#92.59#92.925
525	/	/	PUNCT	_	_	_	_	_	@djup1961m-words#92.925#93.26
526	так	так	ADV	_	Degree=Pos	_	_	_	@djup1961m-words#93.26#93.595
527	сказать	сказать	VERB	_	Aspect=Perf|VerbForm=Inf|Voice=Act	_	_	_	@djup1961m-words#93.595#93.93
528	/	/	PUNCT	_	_	_	_	_	@djup1961m-words#93.93#94.265
529	здешний	здешний	ADJ	_	Case=Nom|Degree=Pos|Gender=Masc|Number=Sing	_	_	_	@djup1961m-words#94.265#94.6
530	подход	подход	NOUN	_	Animacy=Inan|Case=Nom|Gender=Masc|Number=Sing	_	_	_	@djup1961m-words#94.6#94.945
531	потому	потому	ADV	_	Degree=Pos	_	_	_	@djup1961m-words#95.245#95.523
532	что	что	SCONJ	_	_	_	_	_	@djup1961m-words#95.523#95.801
533	я	я	PRON	_	Case=Nom|Number=Sing|Person=1	_	_	_	@djup1961m-words#95.801#96.079
534	все	весь	DET	_	Case=Nom|Number=Plur	_	_	_	@djup1961m-words#96.079#96.357
535	деньги	деньги	NOUN	_	Animacy=Inan|Case=Nom|Gender=Fem|Number=Plur	_	_	_	@djup1961m-words#96.357#96.635
536	зарабатываю	зарабатывать	VERB	_	Aspect=Imp|Mood=Ind|Number=Sing|Person=1|Tense=Pres|VerbForm=Fin|Voice=Act	_	_	_	@djup1961m-words#96.635#96.913
537	в	в	ADP	_	_	_	_	_	@djup1961m-words#96.913#97.191
538	Москве	Москва	PROPN	_	Animacy=Inan|Case=Loc|Gender=Fem|Number=Sing	_	_	_	@djup1961m-words#97.191#97.47
539	вот	вот	PART	_	_	_	_	_	@djup1961m-words#97.635#97.903
540	/	/	PUNCT	_	_	_	_	_	@djup1961m-words#97.903#98.171
541	так	так	ADV	_	Degree=Pos	_	_	_	@djup1961m-words#98.171#98.439
542	/	/	PUNCT	_	_	_	_	_	@djup1961m-words#98.439#98.707
543	устроено	устроить	VERB	_	Aspect=Perf|Gender=Neut|Number=Sing|Tense=Past|Variant=Short|VerbForm=Part|Voice=Pass	_	_	_	@djup1961m-words#98.707#98.975
544	Москва	Москва	PROPN	_	Animacy=Inan|Case=Nom|Gender=Fem|Number=Sing	_	_	_	@djup1961m-words#99.27#99.83
545	прекрасна	прекрасный	ADJ	_	Degree=Pos|Gender=Fem|Number=Sing|Variant=Short	_	_	_	@djup1961m-words#99.83#100.39
546	она	она	PRON	_	Case=Nom|Gender=Fem|Number=Sing|Person=3	_	_	_	@djup1961m-words#100.84#101.113
547	и	и	PART	_	_	_	_	_	@djup1961m-words#101.113#101.386
548	раньше-то	раньшй-то	NOUN	_	Animacy=Inan|Case=Gen|Gender=Fem|Number=Sing	_	_	_	@djup1961m-words#101.386#101.659
549	хорошая	хороший	ADJ	_	Case=Nom|Degree=Pos|Gender=Fem|Number=Sing	_	_	_	@djup1961m-words#101.659#101.932
550	была	быть	AUX	_	Aspect=Imp|Gender=Fem|Mood=Ind|Number=Sing|Tense=Past|VerbForm=Fin|Voice=Act	_	_	_	@djup1961m-words#101.932#102.205
551	/	/	PUNCT	_	_	_	_	_	@djup1961m-words#102.205#102.478
552	а	а	CCONJ	_	_	_	_	_	@djup1961m-words#102.478#102.751
553	сейчас	сейчас	ADV	_	Degree=Pos	_	_	_	@djup1961m-words#102.751#103.024
554	че	что	PRON	_	Case=Nom	_	_	_	@djup1961m-words#103.024#103.297
555	там	там	ADV	_	Degree=Pos	_	_	_	@djup1961m-words#103.297#103.57
556	Собянин	Собянин	PROPN	_	Animacy=Anim|Case=Nom|Gender=Masc|Number=Sing	_	_	_	@djup1961m-words#103.57#103.843
557	сделал	делать	VERB	_	Aspect=Perf|Gender=Masc|Mood=Ind|Number=Sing|Tense=Past|VerbForm=Fin|Voice=Act	_	_	_	@djup1961m-words#103.843#104.116
558	это	это	PRON	_	Animacy=Inan|Case=Acc|Gender=Neut|Number=Sing	_	_	_	@djup1961m-words#104.116#104.389
559	вообще	вообще	ADV	_	Degree=Pos	_	_	_	@djup1961m-words#104.389#104.662
560	/	/	PUNCT	_	_	_	_	_	@djup1961m-words#104.662#104.935
561	космос	космос	NOUN	_	Animacy=Inan|Case=Acc|Gender=Masc|Number=Sing	_	_	_	@djup1961m-words#104.935#105.208
562	в	в	ADP	_	_	_	_	_	@djup1961m-words#105.208#105.481
563	моем	мой	DET	_	Case=Loc|Gender=Neut|Number=Sing	_	_	_	@djup1961m-words#105.481#105.754
564	предтавлении	предтавление	NOUN	_	Animacy=Inan|Case=Loc|Gender=Neut|Number=Sing	_	_	_	@djup1961m-words#105.754#106.041
565	не	не	PART	_	_	_	_	_	@djup1961m-words#106.335#106.603
566	в	в	ADP	_	_	_	_	_	@djup1961m-words#106.603#106.871
567	каждом	каждый	DET	_	Case=Loc|Gender=Masc|Number=Sing	_	_	_	@djup1961m-words#106.871#107.139
568	западном	западный	ADJ	_	Case=Loc|Degree=Pos|Gender=Masc|Number=Sing	_	_	_	@djup1961m-words#107.139#107.407
569	городе	город	NOUN	_	Animacy=Inan|Case=Loc|Gender=Masc|Number=Sing	_	_	_	@djup1961m-words#107.407#107.675
570	/	/	PUNCT	_	_	_	_	_	@djup1961m-words#107.675#107.943
571	а	а	CCONJ	_	_	_	_	_	@djup1961m-words#107.943#108.211
572	точнее	точно	ADV	_	Degree=Cmp	_	_	_	@djup1961m-words#108.211#108.479
573	/	/	PUNCT	_	_	_	_	_	@djup1961m-words#108.479#108.747
574	ни	ни	PART	_	Polarity=Neg	_	_	_	@djup1961m-words#108.747#109.015
575	в	в	ADP	_	_	_	_	_	@djup1961m-words#109.015#109.283
576	каком	какой	DET	_	Case=Loc|Gender=Masc|Number=Sing	_	_	_	@djup1961m-words#109.283#109.551
577	/	/	PUNCT	_	_	_	_	_	@djup1961m-words#109.551#109.819
578	вы	вы	PRON	_	Case=Nom|Number=Plur|Person=2	_	_	_	@djup1961m-words#109.819#110.087
579	ниче	нико	ADV	_	Degree=Pos	_	_	_	@djup1961m-words#110.087#110.355
580	подобного	подобный	ADJ	_	Case=Gen|Degree=Pos|Gender=Neut|Number=Sing	_	_	_	@djup1961m-words#110.355#110.623
581	не	не	PART	_	_	_	_	_	@djup1961m-words#110.623#110.891
582	увидите	видеть	VERB	_	Aspect=Perf|Mood=Ind|Number=Plur|Person=2|Tense=Fut|VerbForm=Fin|Voice=Act	_	_	_	@djup1961m-words#110.891#111.159
583	/	/	PUNCT	_	_	_	_	_	@djup1961m-words#111.159#111.427
584	такого	такой	DET	_	Case=Gen|Gender=Neut|Number=Sing	_	_	_	@djup1961m-words#111.427#111.695
585	разнообразия	разнообразие	NOUN	_	Animacy=Inan|Case=Gen|Gender=Neut|Number=Sing	_	_	_	@djup1961m-words#111.695#111.975
586	например	например	ADV	_	Degree=Pos	_	_	_	@djup1961m-words#113.15#113.531
587	/	/	PUNCT	_	_	_	_	_	@djup1961m-words#113.531#113.912
588	учреждения	учреждение	NOUN	_	Animacy=Inan|Case=Nom|Gender=Neut|Number=Plur	_	_	_	@djup1961m-words#113.912#114.293
589	общепита	общепит	NOUN	_	Animacy=Inan|Case=Gen|Gender=Masc|Number=Sing	_	_	_	@djup1961m-words#114.293#114.674
590	/	/	PUNCT	_	_	_	_	_	@djup1961m-words#114.674#115.055
591	с	с	ADP	_	_	_	_	_	@djup1961m-words#115.055#115.436
592	такой	такой	DET	_	Case=Ins|Gender=Fem|Number=Sing	_	_	_	@djup1961m-words#115.436#115.817
593	разнообразной	разнообразный	ADJ	_	Case=Ins|Degree=Pos|Gender=Fem|Number=Sing	_	_	_	@djup1961m-words#115.817#116.198
594	кухней	кухня	NOUN	_	Animacy=Inan|Case=Ins|Gender=Fem|Number=Sing	_	_	_	@djup1961m-words#116.198#116.579
595	и	и	CCONJ	_	_	_	_	_	@djup1961m-words#116.579#116.96
596	с	с	ADP	_	_	_	_	_	@djup1961m-words#116.96#117.341
597	таким	такой	DET	_	Case=Ins|Gender=Neut|Number=Sing	_	_	_	@djup1961m-words#117.341#117.722
598	качеством	качество	NOUN	_	Animacy=Inan|Case=Ins|Gender=Neut|Number=Sing	_	_	_	@djup1961m-words#117.722#118.103
599	продуктов	продукт	NOUN	_	Animacy=Inan|Case=Gen|Gender=Masc|Number=Plur	_	_	_	@djup1961m-words#118.103#118.484
600	и	и	CCONJ	_	_	_	_	_	@djup1961m-words#118.484#118.865
601	приготовления	приготовление	NOUN	_	Animacy=Inan|Case=Gen|Gender=Neut|Number=Sing	_	_	_	@djup1961m-words#118.865#119.26
602	да	да	CCONJ	_	_	_	_	_	@djup1961m-words#119.585#120.065
603	это	это	PRON	_	Animacy=Inan|Case=Nom|Gender=Neut|Number=Sing	_	_	_	@djup1961m-words#122.22#122.571
604	/	/	PUNCT	_	_	_	_	_	@djup1961m-words#122.571#122.922
605	это	это	PRON	_	Animacy=Inan|Case=Nom|Gender=Neut|Number=Sing	_	_	_	@djup1961m-words#122.922#123.273
606	/	/	PUNCT	_	_	_	_	_	@djup1961m-words#123.273#123.624
607	это	это	PRON	_	Animacy=Inan|Case=Nom|Gender=Neut|Number=Sing	_	_	_	@djup1961m-words#123.624#123.975
608	смотря	смотреть	VERB	_	Aspect=Imp|Tense=Pres|VerbForm=Conv|Voice=Act	_	_	_	@djup1961m-words#123.975#124.326
609	скока	скок	NOUN	_	Animacy=Inan|Case=Gen|Gender=Masc|Number=Sing	_	_	_	@djup1961m-words#124.326#124.677
610	у	у	ADP	_	_	_	_	_	@djup1961m-words#124.677#125.028
611	вас	вы	PRON	_	Case=Gen|Number=Plur|Person=2	_	_	_	@djup1961m-words#125.028#125.379
612	денег	деньги	NOUN	_	Animacy=Inan|Case=Gen|Gender=Fem|Number=Plur	_	_	_	@djup1961m-words#125.379#125.73
613	/	/	PUNCT	_	_	_	_	_	@djup1961m-words#125.73#126.081
614	Дмитрий	Дмитрий	PROPN	_	Animacy=Anim|Case=Nom|Gender=Masc|Number=Sing	_	_	_	@djup1961m-words#126.081#126.441
615	то	то	PRON	_	Animacy=Inan|Case=Nom|Gender=Neut|Number=Sing	_	_	_	@djup1961m-words#126.65#126.903
616	есть	быть	VERB	_	Aspect=Imp|Mood=Ind|Number=Sing|Person=3|Tense=Pres|VerbForm=Fin|Voice=Act	_	_	_	@djup1961m-words#126.903#127.156
617	/	/	PUNCT	_	_	_	_	_	@djup1961m-words#127.156#127.409
618	нуу	ну	ADV	_	Degree=Pos	_	_	_	@djup1961m-words#127.409#127.662
619	все	все	PRON	_	Animacy=Inan|Case=Nom|Gender=Neut|Number=Sing	_	_	_	@djup1961m-words#127.662#127.915
620	сделано	делать	VERB	_	Aspect=Perf|Gender=Neut|Number=Sing|Tense=Past|Variant=Short|VerbForm=Part|Voice=Pass	_	_	_	@djup1961m-words#127.915#128.168
621	для	для	ADP	_	_	_	_	_	@djup1961m-words#128.168#128.421
622	лю...	лю...	PROPN	_	Animacy=Anim|Case=Dat|Gender=Masc|Number=Sing	_	_	_	@djup1961m-words#128.421#128.674
623	москвичам	москвич	NOUN	_	Animacy=Anim|Case=Dat|Gender=Masc|Number=Plur	_	_	_	@djup1961m-words#128.674#128.927
624	не	не	PART	_	_	_	_	_	@djup1961m-words#128.927#129.18
625	нравится	нравиться	VERB	_	Aspect=Imp|Mood=Ind|Number=Sing|Person=3|Tense=Pres|VerbForm=Fin|Voice=Mid	_	_	_	@djup1961m-words#129.18#129.433
626	кстати	кстати	ADV	_	Degree=Pos	_	_	_	@djup1961m-words#129.433#129.686
627	/	/	PUNCT	_	_	_	_	_	@djup1961m-words#129.686#129.939
628	они	они	PRON	_	Case=Nom|Number=Plur|Person=3	_	_	_	@djup1961m-words#129.939#130.192
629	там	там	ADV	_	Degree=Pos	_	_	_	@djup1961m-words#130.192#130.445
630	все	все	DET	_	Case=Nom|Number=Plur	_	_	_	@djup1961m-words#130.445#130.698
631	недовольные	недовольный	ADJ	_	Case=Nom|Degree=Pos|Number=Plur	_	_	_	@djup1961m-words#130.698#130.951
632	/	/	PUNCT	_	_	_	_	_	@djup1961m-words#130.951#131.204
633	орут	орать	VERB	_	Aspect=Perf|Mood=Ind|Number=Plur|Person=3|Tense=Fut|VerbForm=Fin|Voice=Act	_	_	_	@djup1961m-words#131.204#131.457
634	шо	шо	ADV	_	Degree=Pos	_	_	_	@djup1961m-words#131.457#131.71
635	это	это	PRON	_	Animacy=Inan|Case=Nom|Gender=Neut|Number=Sing	_	_	_	@djup1961m-words#131.71#131.963
636	все	весь	DET	_	Case=Nom|Gender=Neut|Number=Sing	_	_	_	@djup1961m-words#131.963#132.216
637	для	для	ADP	_	_	_	_	_	@djup1961m-words#132.216#132.469
638	приезжих	приезжий	NOUN	_	Animacy=Anim|Case=Gen|Gender=Masc|Number=Plur	_	_	_	@djup1961m-words#132.469#132.73
639	нам	мы	PRON	_	Case=Dat|Number=Plur|Person=1	_	_	_	@djup1961m-words#132.9#133.251
640	неудобно	неудобный	ADJ	_	Degree=Pos|Gender=Neut|Number=Sing|Variant=Short	_	_	_	@djup1961m-words#133.251#133.602
641	/	/	PUNCT	_	_	_	_	_	@djup1961m-words#133.602#133.953
642	ноо	ноо	ADJ	_	Degree=Pos|Gender=Neut|Number=Sing|Variant=Short	_	_	_	@djup1961m-words#133.953#134.304
643	/	/	PUNCT	_	_	_	_	_	@djup1961m-words#134.304#134.655
644	мало	мало	ADV	_	Degree=Pos	_	_	_	@djup1961m-words#134.655#135.006
645	ли	ли	PART	_	_	_	_	_	@djup1961m-words#135.006#135.357
646	вам	вы	PRON	_	Case=Dat|Number=Plur|Person=2	_	_	_	@djup1961m-words#135.357#135.708
647	неудобно	неудобный	ADP	_	_	_	_	_	@djup1961m-words#135.708#136.059
648	лицо	лицо	NOUN	_	Animacy=Inan|Case=Acc|Gender=Neut|Number=Sing	_	_	_	@djup1961m-words#136.059#136.41
649	страны	страна	NOUN	_	Animacy=Inan|Case=Gen|Gender=Fem|Number=Sing	_	_	_	@djup1961m-words#136.41#136.761
650	/	/	PUNCT	_	_	_	_	_	@djup1961m-words#136.761#137.112
651	зато	зато	CCONJ	_	_	_	_	_	@djup1961m-words#137.112#137.463
652	всем	все	PRON	_	Animacy=Anim|Case=Dat|Number=Plur	_	_	_	@djup1961m-words#137.463#137.814
653	приезжающим	приезжать	VERB	_	Aspect=Imp|Case=Dat|Number=Plur|Tense=Pres|VerbForm=Part|Voice=Act	_	_	_	@djup1961m-words#137.814#138.165
654	удобно	удобный	ADJ	_	Degree=Pos|Gender=Neut|Number=Sing|Variant=Short	_	_	_	@djup1961m-words#138.165#138.516
655	/	/	PUNCT	_	_	_	_	_	@djup1961m-words#138.516#138.867
656	всем	все	PRON	_	Animacy=Anim|Case=Dat|Number=Plur	_	_	_	@djup1961m-words#138.867#139.218
657	страшно	страшно	ADV	_	Degree=Pos	_	_	_	@djup1961m-words#139.218#139.569
658	нравится	нравиться	VERB	_	Aspect=Imp|Mood=Ind|Number=Sing|Person=3|Tense=Pres|VerbForm=Fin|Voice=Mid	_	_	_	@djup1961m-words#139.569#139.93
659	а	а	CCONJ	_	_	_	_	_	@djup1961m-words#140.35#140.627
660	в	в	ADP	_	_	_	_	_	@djup1961m-words#140.627#140.904
661	Питер	Питер	PROPN	_	Animacy=Inan|Case=Nom|Gender=Masc|Number=Sing	_	_	_	@djup1961m-words#140.904#141.181
662	да	да	CCONJ	_	_	_	_	_	@djup1961m-words#141.181#141.458
663	я	я	PRON	_	Case=Nom|Number=Sing|Person=1	_	_	_	@djup1961m-words#141.458#141.735
664	полностью	полностью	ADV	_	Degree=Pos	_	_	_	@djup1961m-words#141.735#142.012
665	с	с	ADP	_	_	_	_	_	@djup1961m-words#142.012#142.289
666	вами	вы	PRON	_	Case=Ins|Number=Plur|Person=2	_	_	_	@djup1961m-words#142.289#142.566
667	согласен	согласный	ADJ	_	Degree=Pos|Gender=Masc|Number=Sing|Variant=Short	_	_	_	@djup1961m-words#142.566#142.843
668	/	/	PUNCT	_	_	_	_	_	@djup1961m-words#142.843#143.12
669	возвращаешься	возвращаться	VERB	_	Aspect=Imp|Mood=Ind|Number=Sing|Person=2|Tense=Pres|VerbForm=Fin|Voice=Mid	_	_	_	@djup1961m-words#143.12#143.397
670	как	как	SCONJ	_	_	_	_	_	@djup1961m-words#143.397#143.674
671	в	в	ADP	_	_	_	_	_	@djup1961m-words#143.674#143.951
672	сонный	сонный	ADJ	_	Animacy=Inan|Case=Acc|Degree=Pos|Gender=Masc|Number=Sing	_	_	_	@djup1961m-words#143.951#144.228
673	город	город	NOUN	_	Animacy=Inan|Case=Acc|Gender=Masc|Number=Sing	_	_	_	@djup1961m-words#144.228#144.505
674	/	/	PUNCT	_	_	_	_	_	@djup1961m-words#144.505#144.782
675	всегда	всегда	ADV	_	Degree=Pos	_	_	_	@djup1961m-words#144.782#145.07
676	здесь	здесь	ADV	_	Degree=Pos	_	_	_	@djup1961m-words#145.21#145.528
677	все	все	PART	_	_	_	_	_	@djup1961m-words#145.528#145.846
678	в	в	ADP	_	_	_	_	_	@djup1961m-words#145.846#146.164
679	два	два	NUM	_	Animacy=Inan|Case=Acc|Gender=Masc	_	_	_	@djup1961m-words#146.164#146.482
680	раза	раз	NOUN	_	Animacy=Inan|Case=Gen|Gender=Masc|Number=Sing	_	_	_	@djup1961m-words#146.482#146.8
681	медленнее	медленно	ADV	_	Degree=Cmp	_	_	_	@djup1961m-words#146.8#147.118
682	/	/	PUNCT	_	_	_	_	_	@djup1961m-words#147.118#147.436
683	денег	деньги	NOUN	_	Animacy=Inan|Case=Gen|Gender=Fem|Number=Plur	_	_	_	@djup1961m-words#147.436#147.754
684	в	в	ADP	_	_	_	_	_	@djup1961m-words#147.754#148.072
685	два	два	NUM	_	Animacy=Inan|Case=Acc|Gender=Masc	_	_	_	@djup1961m-words#148.072#148.39
686	раза	раз	NOUN	_	Animacy=Inan|Case=Gen|Gender=Masc|Number=Sing	_	_	_	@djup1961m-words#148.39#148.708
687	меньше	мало	NUM	_	_	_	_	_	@djup1961m-words#148.708#149.026
688	/	/	PUNCT	_	_	_	_	_	@djup1961m-words#149.026#149.344
689	все	все	PRON	_	Animacy=Inan|Case=Nom|Gender=Neut|Number=Sing	_	_	_	@djup1961m-words#149.344#149.662
690	как-то	как-то	ADV	_	Degree=Pos	_	_	_	@djup1961m-words#149.662#149.98
691	вот	вот	PART	_	_	_	_	_	@djup1961m-words#149.98#150.298
692	/	/	PUNCT	_	_	_	_	_	@djup1961m-words#150.298#150.616
693	так	так	ADV	_	Degree=Pos	_	_	_	@djup1961m-words#150.616#150.934
694	/	/	PUNCT	_	_	_	_	_	@djup1961m-words#150.934#151.252
695	тихо-тихо	тихо-тихо	ADV	_	Degree=Pos	_	_	_	@djup1961m-words#151.252#151.57
696	спокойно	спокойно	ADV	_	Degree=Pos	_	_	_	@djup1961m-words#151.57#151.9
697	ну	ну	PART	_	_	_	_	_	@djup1961m-words#156.073#156.501
698	все	все	PRON	_	Animacy=Inan|Case=Nom|Gender=Neut|Number=Sing	_	_	_	@djup1961m-words#156.501#156.929
699	гораздо	гораздо	ADV	_	Degree=Pos	_	_	_	@djup1961m-words#156.929#157.357
700	более	более	ADV	_	Degree=Cmp	_	_	_	@djup1961m-words#157.357#157.785
701	изношенное	изношенный	VERB	_	Aspect=Perf|Case=Acc|Gender=Neut|Number=Sing|Tense=Past|VerbForm=Part|Voice=Pass	_	_	_	@djup1961m-words#157.785#158.213
702	ужас	ужас	NOUN	_	Animacy=Inan|Case=Acc|Gender=Masc|Number=Sing	_	_	_	@djup1961m-words#158.213#158.643
703	ужас	ужас	NOUN	_	Animacy=Inan|Case=Nom|Gender=Masc|Number=Sing	_	_	_	@djup1961m-words#159.06#159.508
704	вообще	вообще	ADV	_	Degree=Pos	_	_	_	@djup1961m-words#159.508#159.957
705	ну	ну	PART	_	_	_	_	_	@djup1961m-words#164.981#165.327
706	она	она	PRON	_	Case=Nom|Gender=Fem|Number=Sing|Person=3	_	_	_	@djup1961m-words#165.327#165.673
707	вроде	вроде	ADP	_	_	_	_	_	@djup1961m-words#165.673#166.019
708	двадцать	двадцать	NUM	_	Case=Acc	_	_	_	@djup1961m-words#166.019#166.365
709	шесть	шесть	NUM	_	Case=Acc	_	_	_	@djup1961m-words#166.365#166.711
710	прослужила	прослужить	VERB	_	Aspect=Perf|Gender=Fem|Mood=Ind|Number=Sing|Tense=Past|VerbForm=Fin|Voice=Act	_	_	_	@djup1961m-words#166.711#167.061
711	я	я	PRON	_	Case=Nom|Number=Sing|Person=1	_	_	_	@djup1961m-words#167.67#167.894
712	пом...	пом...	PROPN	_	Animacy=Anim|Case=Ins|Gender=Fem|Number=Sing	_	_	_	@djup1961m-words#167.894#168.118
713	я	я	PRON	_	Case=Nom|Number=Sing|Person=1	_	_	_	@djup1961m-words#168.118#168.342
714	в	в	ADP	_	_	_	_	_	@djup1961m-words#168.342#168.566
715	телевизоре	телевизор	NOUN	_	Animacy=Inan|Case=Loc|Gender=Masc|Number=Sing	_	_	_	@djup1961m-words#168.566#168.79
716	смотрел	смотреть	VERB	_	Aspect=Imp|Gender=Masc|Mood=Ind|Number=Sing|Tense=Past|VerbForm=Fin|Voice=Act	_	_	_	@djup1961m-words#168.79#169.014
717	/	/	PUNCT	_	_	_	_	_	@djup1961m-words#169.014#169.238
718	там	там	ADV	_	Degree=Pos	_	_	_	@djup1961m-words#169.238#169.462
719	сказали	сказать	VERB	_	Aspect=Perf|Mood=Ind|Number=Plur|Tense=Past|VerbForm=Fin|Voice=Act	_	_	_	@djup1961m-words#169.462#169.686
720	что	что	SCONJ	_	_	_	_	_	@djup1961m-words#169.686#169.91
721	двадцать	двадцать	NUM	_	Case=Nom	_	_	_	@djup1961m-words#169.91#170.134
722	шесть	шесть	NUM	_	Case=Acc	_	_	_	@djup1961m-words#170.134#170.358
723	лет	год	NOUN	_	Animacy=Inan|Case=Gen|Gender=Masc|Number=Plur	_	_	_	@djup1961m-words#170.358#170.582
724	назад	назад	ADV	_	Degree=Pos	_	_	_	@djup1961m-words#170.582#170.806
725	заложена	заложить	VERB	_	Aspect=Perf|Gender=Fem|Number=Sing|Tense=Past|Variant=Short|VerbForm=Part|Voice=Pass	_	_	_	@djup1961m-words#170.806#171.03
726	ну	ну	PART	_	_	_	_	_	@djup1961m-words#179.164#179.516
727	там	там	ADV	_	Degree=Pos	_	_	_	@djup1961m-words#179.516#179.868
728	есть	быть	VERB	_	Aspect=Imp|Mood=Ind|Number=Plur|Person=3|Tense=Pres|VerbForm=Fin|Voice=Act	_	_	_	@djup1961m-words#179.868#180.22
729	какие-то	какой-то	DET	_	Case=Nom|Number=Plur	_	_	_	@djup1961m-words#180.22#180.572
730	/	/	PUNCT	_	_	_	_	_	@djup1961m-words#180.572#180.924
731	регламенты	регламент	NOUN	_	Animacy=Inan|Case=Nom|Gender=Masc|Number=Plur	_	_	_	@djup1961m-words#180.924#181.276
732	/	/	PUNCT	_	_	_	_	_	@djup1961m-words#181.276#181.628
733	проводят	проводить	VERB	_	Aspect=Imp|Mood=Ind|Number=Plur|Person=3|Tense=Pres|VerbForm=Fin|Voice=Act	_	_	_	@djup1961m-words#181.628#181.98
734	испытания	испытание	NOUN	_	Animacy=Inan|Case=Nom|Gender=Neut|Number=Plur	_	_	_	@djup1961m-words#181.98#182.332
735	/	/	PUNCT	_	_	_	_	_	@djup1961m-words#182.332#182.684
736	под	под	ADP	_	_	_	_	_	@djup1961m-words#182.684#183.036
737	повышенным	повысить	VERB	_	Aspect=Perf|Case=Ins|Gender=Neut|Number=Sing|Tense=Past|VerbForm=Part|Voice=Pass	_	_	_	@djup1961m-words#183.036#183.388
738	давлением	давление	NOUN	_	Animacy=Inan|Case=Ins|Gender=Neut|Number=Sing	_	_	_	@djup1961m-words#183.388#183.74
739	раз	раз	NOUN	_	Animacy=Inan|Case=Gen|Gender=Masc|Number=Plur	_	_	_	@djup1961m-words#183.74#184.092
740	не	не	PART	_	_	_	_	_	@djup1961m-words#184.092#184.444
741	лопнуло	лопаться	VERB	_	Aspect=Perf|Gender=Neut|Mood=Ind|Number=Sing|Tense=Past|VerbForm=Fin|Voice=Mid	_	_	_	@djup1961m-words#184.444#184.796
742	значит	значить	VERB	_	Aspect=Imp|Mood=Ind|Number=Sing|Person=3|Tense=Pres|VerbForm=Fin|Voice=Act	_	_	_	@djup1961m-words#184.796#185.148
743	еще	еще	ADV	_	Degree=Pos	_	_	_	@djup1961m-words#185.148#185.5
744	год	год	NOUN	_	Animacy=Inan|Case=Nom|Gender=Masc|Number=Sing	_	_	_	@djup1961m-words#185.5#185.852
745	может	мочь	VERB	_	Aspect=Imp|Mood=Ind|Number=Sing|Person=3|Tense=Pres|VerbForm=Fin|Voice=Act	_	_	_	@djup1961m-words#185.852#186.204
746	/	/	PUNCT	_	_	_	_	_	@djup1961m-words#186.204#186.556
747	функционировать	функционировать	VERB	_	Aspect=Imp|VerbForm=Inf|Voice=Act	_	_	_	@djup1961m-words#186.556#186.916
748	ну	ну	PART	_	_	_	_	_	@djup1961m-words#186.98#187.201
749	а	а	CCONJ	_	_	_	_	_	@djup1961m-words#187.201#187.422
750	она	она	PRON	_	Case=Nom|Gender=Fem|Number=Sing|Person=3	_	_	_	@djup1961m-words#187.422#187.643
751	взяла	брать	VERB	_	Aspect=Perf|Gender=Fem|Mood=Ind|Number=Sing|Tense=Past|VerbForm=Fin|Voice=Act	_	_	_	@djup1961m-words#187.643#187.864
752	и	и	CCONJ	_	_	_	_	_	@djup1961m-words#187.864#188.085
753	лопнула	лопнуть	VERB	_	Aspect=Perf|Gender=Fem|Mood=Ind|Number=Sing|Tense=Past|VerbForm=Fin|Voice=Act	_	_	_	@djup1961m-words#188.085#188.31
754	такое	такой	DET	_	Case=Nom|Gender=Neut|Number=Sing	_	_	_	@djup1961m-words#188.47#189.07
755	бывает	бывать	VERB	_	Aspect=Imp|Mood=Ind|Number=Sing|Person=3|Tense=Pres|VerbForm=Fin|Voice=Act	_	_	_	@djup1961m-words#189.07#189.67
756	ну	ну	PART	_	_	_	_	_	@djup1961m-words#201.905#202.196
757	я	я	PRON	_	Case=Nom|Number=Sing|Person=1	_	_	_	@djup1961m-words#202.196#202.487
758	бы	бы	AUX	_	_	_	_	_	@djup1961m-words#202.487#202.778
759	не	не	PART	_	_	_	_	_	@djup1961m-words#202.778#203.069
760	сказал	сказать	VERB	_	Aspect=Perf|Gender=Masc|Mood=Ind|Number=Sing|Tense=Past|VerbForm=Fin|Voice=Act	_	_	_	@djup1961m-words#203.069#203.36
761	так	так	ADV	_	Degree=Pos	_	_	_	@djup1961m-words#203.36#203.651
762	что	что	SCONJ	_	_	_	_	_	@djup1961m-words#203.651#203.942
763	/	/	PUNCT	_	_	_	_	_	@djup1961m-words#203.942#204.233
764	ыыы	ыы	ADJ	_	Degree=Pos|Number=Plur|Variant=Short	_	_	_	@djup1961m-words#204.233#204.524
765	это	это	PRON	_	Animacy=Inan|Case=Nom|Gender=Neut|Number=Sing	_	_	_	@djup1961m-words#204.524#204.815
766	вот	вот	PART	_	_	_	_	_	@djup1961m-words#204.815#205.106
767	совсем	совсем	ADV	_	Degree=Pos	_	_	_	@djup1961m-words#205.106#205.397
768	все	все	PRON	_	Animacy=Inan|Case=Nom|Gender=Neut|Number=Sing	_	_	_	@djup1961m-words#205.397#205.688
769	плохо	плохой	ADJ	_	Degree=Pos|Gender=Neut|Number=Sing|Variant=Short	_	_	_	@djup1961m-words#205.688#205.979
770	/	/	PUNCT	_	_	_	_	_	@djup1961m-words#205.979#206.27
771	то	то	PRON	_	Animacy=Inan|Case=Nom|Gender=Neut|Number=Sing	_	_	_	@djup1961m-words#206.27#206.561
772	есть	быть	VERB	_	Aspect=Imp|Mood=Ind|Number=Sing|Person=3|Tense=Pres|VerbForm=Fin|Voice=Act	_	_	_	@djup1961m-words#206.561#206.852
773	мы	мы	PRON	_	Case=Nom|Number=Plur|Person=1	_	_	_	@djup1961m-words#206.852#207.143
774	ж	же	PART	_	_	_	_	_	@djup1961m-words#207.143#207.434
775	/	/	PUNCT	_	_	_	_	_	@djup1961m-words#207.434#207.725
776	не	не	PART	_	_	_	_	_	@djup1961m-words#207.725#208.016
777	/	/	PUNCT	_	_	_	_	_	@djup1961m-words#208.016#208.307
778	апокалипсис	апокалипсис	NOUN	_	Animacy=Inan|Case=Nom|Gender=Masc|Number=Sing	_	_	_	@djup1961m-words#208.307#208.598
779	/	/	PUNCT	_	_	_	_	_	@djup1961m-words#208.598#208.889
780	наблюдаем	наблюдать	VERB	_	Aspect=Imp|Mood=Ind|Number=Plur|Person=1|Tense=Pres|VerbForm=Fin|Voice=Act	_	_	_	@djup1961m-words#208.889#209.18
781	/	/	PUNCT	_	_	_	_	_	@djup1961m-words#209.18#209.471
782	когда	когда	SCONJ	_	_	_	_	_	@djup1961m-words#209.471#209.762
783	все	все	PRON	_	Animacy=Inan|Case=Nom|Gender=Neut|Number=Sing	_	_	_	@djup1961m-words#209.762#210.053
784	вокруг	вокруг	ADP	_	_	_	_	_	@djup1961m-words#210.053#210.344
785	рушится	рушиться	VERB	_	Aspect=Imp|Mood=Ind|Number=Sing|Person=3|Tense=Pres|VerbForm=Fin|Voice=Mid	_	_	_	@djup1961m-words#210.344#210.635
786	и	и	CCONJ	_	_	_	_	_	@djup1961m-words#210.635#210.926
787	люди	человек	NOUN	_	Animacy=Anim|Case=Nom|Gender=Masc|Number=Plur	_	_	_	@djup1961m-words#210.926#211.217
788	варятся	варить	VERB	_	Aspect=Imp|Mood=Ind|Number=Plur|Person=3|Tense=Pres|VerbForm=Fin|Voice=Mid	_	_	_	@djup1961m-words#211.217#211.508
789	живьем	живьем	ADV	_	Degree=Pos	_	_	_	@djup1961m-words#211.508#211.799
790	/	/	PUNCT	_	_	_	_	_	@djup1961m-words#211.799#212.09
791	это	это	PRON	_	Animacy=Inan|Case=Nom|Gender=Neut|Number=Sing	_	_	_	@djup1961m-words#212.09#212.381
792	единичный	единичный	ADJ	_	Case=Nom|Degree=Pos|Gender=Masc|Number=Sing	_	_	_	@djup1961m-words#212.381#212.672
793	случай	случай	NOUN	_	Animacy=Inan|Case=Nom|Gender=Masc|Number=Sing	_	_	_	@djup1961m-words#212.672#212.985
794	совершенного	совершенный	VERB	_	Aspect=Perf|Case=Gen|Gender=Neut|Number=Sing|Tense=Past|VerbForm=Part|Voice=Pass	_	_	_	@djup1961m-words#213.73#214.383
795	безобразия	безобразие	NOUN	_	Animacy=Inan|Case=Gen|Gender=Neut|Number=Sing	_	_	_	@djup1961m-words#214.383#215.036
796	вообще	вообще	ADV	_	Degree=Pos	_	_	_	@djup1961m-words#215.036#215.69
797	нуу	ну	ADV	_	Degree=Pos	_	_	_	@djup1961m-words#217.11#217.35
798	/	/	PUNCT	_	_	_	_	_	@djup1961m-words#217.35#217.59
799	я	я	PRON	_	Case=Nom|Number=Sing|Person=1	_	_	_	@djup1961m-words#217.59#217.83
800	как-то	как-то	ADV	_	Degree=Pos	_	_	_	@djup1961m-words#217.83#218.07
801	не	не	PART	_	_	_	_	_	@djup1961m-words#218.07#218.31
802	вижу	видеть	VERB	_	Aspect=Imp|Mood=Ind|Number=Sing|Person=1|Tense=Pres|VerbForm=Fin|Voice=Act	_	_	_	@djup1961m-words#218.31#218.55
803	ну	ну	PART	_	_	_	_	_	@djup1961m-words#225.045#225.322
804	это	это	PRON	_	Animacy=Inan|Case=Nom|Gender=Neut|Number=Sing	_	_	_	@djup1961m-words#225.322#225.599
805	всегда	всегда	ADV	_	Degree=Pos	_	_	_	@djup1961m-words#225.599#225.876
806	так	так	ADV	_	Degree=Pos	_	_	_	@djup1961m-words#225.876#226.155
807	да	да	PART	_	_	_	_	_	@djup1961m-words#226.305#226.588
808	/	/	PUNCT	_	_	_	_	_	@djup1961m-words#226.588#226.871
809	то	то	PRON	_	Animacy=Inan|Case=Nom|Gender=Neut|Number=Sing	_	_	_	@djup1961m-words#226.871#227.154
810	есть	быть	VERB	_	Aspect=Imp|Mood=Ind|Number=Sing|Person=3|Tense=Pres|VerbForm=Fin|Voice=Act	_	_	_	@djup1961m-words#227.154#227.437
811	когда	когда	SCONJ	_	_	_	_	_	@djup1961m-words#227.437#227.72
812	проверяют	проверять	VERB	_	Aspect=Imp|Mood=Ind|Number=Plur|Person=3|Tense=Pres|VerbForm=Fin|Voice=Act	_	_	_	@djup1961m-words#227.72#228.003
813	/	/	PUNCT	_	_	_	_	_	@djup1961m-words#228.003#228.286
814	всегда	всегда	ADV	_	Degree=Pos	_	_	_	@djup1961m-words#228.286#228.569
815	/	/	PUNCT	_	_	_	_	_	@djup1961m-words#228.569#228.852
816	прорывает	прорывать	VERB	_	Aspect=Imp|Mood=Ind|Number=Sing|Person=3|Tense=Pres|VerbForm=Fin|Voice=Act	_	_	_	@djup1961m-words#228.852#229.135
817	ну	ну	PART	_	_	_	_	_	@djup1961m-words#229.22#229.415
818	я	я	PRON	_	Case=Nom|Number=Sing|Person=1	_	_	_	@djup1961m-words#229.415#229.61
819	не	не	PART	_	_	_	_	_	@djup1961m-words#229.61#229.805
820	знаю	знать	VERB	_	Aspect=Imp|Mood=Ind|Number=Sing|Person=1|Tense=Pres|VerbForm=Fin|Voice=Act	_	_	_	@djup1961m-words#229.805#230.0
821	/	/	PUNCT	_	_	_	_	_	@djup1961m-words#230.0#230.195
822	двадцать	двадцать	NUM	_	Case=Nom	_	_	_	@djup1961m-words#230.195#230.39
823	пять	пять	NUM	_	Case=Nom	_	_	_	@djup1961m-words#230.39#230.585
824	лет	год	NOUN	_	Animacy=Inan|Case=Gen|Gender=Masc|Number=Plur	_	_	_	@djup1961m-words#230.585#230.78
825	или	или	CCONJ	_	_	_	_	_	@djup1961m-words#230.78#230.98
826	или	или	CCONJ	_	_	_	_	_	@djup1961m-words#231.641#232.275
827	просто	просто	PART	_	_	_	_	_	@djup1961m-words#232.275#232.909
828	на...	на...	PROPN	_	Animacy=Anim|Case=Dat|Gender=Masc|Number=Sing	_	_	_	@djup1961m-words#232.909#233.543
829	надо	надо	ADV	_	Degree=Pos	_	_	_	@djup1961m-words#233.543#234.177
830	было	быть	AUX	_	Aspect=Imp|Gender=Neut|Mood=Ind|Number=Sing|Tense=Past|VerbForm=Fin|Voice=Act	_	_	_	@djup1961m-words#234.177#234.811
831	эммм	эммма	NOUN	_	Animacy=Inan|Case=Gen|Gender=Fem|Number=Plur	_	_	_	@djup1961m-words#234.811#235.445
832	не	не	PART	_	_	_	_	_	@djup1961m-words#235.445#235.705
833	совсем	совсем	ADV	_	Degree=Pos	_	_	_	@djup1961m-words#235.705#236.081
834	постоку-поскоку	постоку-поскоку	ADV	_	Degree=Pos	_	_	_	@djup1961m-words#238.829#239.189
835	у	у	ADP	_	_	_	_	_	@djup1961m-words#239.189#239.549
836	нас	мы	PRON	_	Case=Gen|Number=Plur|Person=1	_	_	_	@djup1961m-words#239.549#239.909
837	много	много	ADV	_	Degree=Pos	_	_	_	@djup1961m-words#239.909#240.269
838	/	/	PUNCT	_	_	_	_	_	@djup1961m-words#240.269#240.629
839	больших	большой	ADJ	_	Case=Gen|Degree=Pos|Number=Plur	_	_	_	@djup1961m-words#240.629#240.989
840	домов	дом	NOUN	_	Animacy=Inan|Case=Gen|Gender=Masc|Number=Plur	_	_	_	@djup1961m-words#240.989#241.349
841	/	/	PUNCT	_	_	_	_	_	@djup1961m-words#241.349#241.709
842	то	тот	SCONJ	_	_	_	_	_	@djup1961m-words#241.709#242.069
843	давление	давление	NOUN	_	Animacy=Inan|Case=Nom|Gender=Neut|Number=Sing	_	_	_	@djup1961m-words#242.069#242.429
844	в	в	ADP	_	_	_	_	_	@djup1961m-words#242.429#242.789
845	системе	система	NOUN	_	Animacy=Inan|Case=Loc|Gender=Fem|Number=Sing	_	_	_	@djup1961m-words#242.789#243.149
846	высокое	высокий	ADJ	_	Case=Nom|Degree=Pos|Gender=Neut|Number=Sing	_	_	_	@djup1961m-words#243.149#243.509
847	/	/	PUNCT	_	_	_	_	_	@djup1961m-words#243.509#243.869
848	система	система	NOUN	_	Animacy=Inan|Case=Nom|Gender=Fem|Number=Sing	_	_	_	@djup1961m-words#243.869#244.229
849	должна	должен	ADJ	_	Degree=Pos|Gender=Fem|Number=Sing|Variant=Short	_	_	_	@djup1961m-words#244.229#244.589
850	поддерживаться	поддерживать	VERB	_	Aspect=Imp|VerbForm=Inf|Voice=Pass	_	_	_	@djup1961m-words#244.589#244.949
851	в	в	ADP	_	_	_	_	_	@djup1961m-words#244.949#245.309
852	исправности	исправность	NOUN	_	Animacy=Inan|Case=Loc|Gender=Fem|Number=Sing	_	_	_	@djup1961m-words#245.309#245.669
853	/	/	PUNCT	_	_	_	_	_	@djup1961m-words#245.669#246.029
854	и	и	CCONJ	_	_	_	_	_	@djup1961m-words#246.029#246.389
855	/	/	PUNCT	_	_	_	_	_	@djup1961m-words#246.389#246.749
856	в	в	ADP	_	_	_	_	_	@djup1961m-words#246.749#247.109
857	надлежащем	надлежащий	ADJ	_	Case=Loc|Degree=Pos|Gender=Neut|Number=Sing	_	_	_	@djup1961m-words#247.109#247.469
858	состоянии	состояние	NOUN	_	Animacy=Inan|Case=Loc|Gender=Neut|Number=Sing	_	_	_	@djup1961m-words#247.469#247.84
859	в	в	ADP	_	_	_	_	_	@djup1961m-words#247.89#248.159
860	маленьких	маленький	ADJ	_	Case=Loc|Degree=Pos|Number=Plur	_	_	_	@djup1961m-words#248.159#248.428
861	городах	город	NOUN	_	Animacy=Inan|Case=Loc|Gender=Masc|Number=Plur	_	_	_	@djup1961m-words#248.428#248.697
862	/	/	PUNCT	_	_	_	_	_	@djup1961m-words#248.697#248.966
863	наверно	наверно	ADV	_	Degree=Pos	_	_	_	@djup1961m-words#248.966#249.235
864	/	/	PUNCT	_	_	_	_	_	@djup1961m-words#249.235#249.504
865	не	не	PART	_	_	_	_	_	@djup1961m-words#249.504#249.773
866	такое	такой	DET	_	Case=Nom|Gender=Neut|Number=Sing	_	_	_	@djup1961m-words#249.773#250.042
867	давление	давление	NOUN	_	Animacy=Inan|Case=Nom|Gender=Neut|Number=Sing	_	_	_	@djup1961m-words#250.042#250.311
868	в	в	ADP	_	_	_	_	_	@djup1961m-words#250.311#250.58
869	трубах	труба	NOUN	_	Animacy=Inan|Case=Loc|Gender=Fem|Number=Plur	_	_	_	@djup1961m-words#250.58#250.85
870	и	и	CCONJ	_	_	_	_	_	@djup1961m-words#251.36#251.654
871	там	там	ADV	_	Degree=Pos	_	_	_	@djup1961m-words#251.654#251.948
872	прорывает	прорывать	VERB	_	Aspect=Imp|Mood=Ind|Number=Sing|Person=3|Tense=Pres|VerbForm=Fin|Voice=Act	_	_	_	@djup1961m-words#251.948#252.242
873	/	/	PUNCT	_	_	_	_	_	@djup1961m-words#252.242#252.536
874	реже	редко	ADV	_	Degree=Cmp	_	_	_	@djup1961m-words#252.536#252.83
875	/	/	PUNCT	_	_	_	_	_	@djup1961m-words#252.83#253.124
876	все-таки	все-таки	PART	_	_	_	_	_	@djup1961m-words#253.124#253.418
877	мегаполис	мегаполис	NOUN	_	Animacy=Inan|Case=Nom|Gender=Masc|Number=Sing	_	_	_	@djup1961m-words#253.418#253.712
878	это	этот	PRON	_	Animacy=Inan|Case=Acc|Gender=Neut|Number=Sing	_	_	_	@djup1961m-words#253.712#254.006
879	мегаполис	мегаполис	NOUN	_	Animacy=Inan|Case=Acc|Gender=Masc|Number=Sing	_	_	_	@djup1961m-words#254.006#254.3
880	я	я	PRON	_	Case=Nom|Number=Sing|Person=1	_	_	_	@djup1961m-words#254.3#254.594
881	с	с	ADP	_	_	_	_	_	@djup1961m-words#254.594#254.888
882	вами	вы	PRON	_	Case=Ins|Number=Plur|Person=2	_	_	_	@djup1961m-words#254.888#255.182
883	полностью	полностью	ADV	_	Degree=Pos	_	_	_	@djup1961m-words#255.182#255.476
884	согласен	согласный	ADJ	_	Degree=Pos|Gender=Masc|Number=Sing|Variant=Short	_	_	_	@djup1961m-words#255.476#255.77
885	/	/	PUNCT	_	_	_	_	_	@djup1961m-words#255.77#256.064
886	что	что	SCONJ	_	_	_	_	_	@djup1961m-words#256.064#256.358
887	за	за	ADP	_	_	_	_	_	@djup1961m-words#256.358#256.652
888	этим	этот	DET	_	Case=Ins|Gender=Neut|Number=Sing	_	_	_	@djup1961m-words#256.652#256.946
889	делом	дело	NOUN	_	Animacy=Inan|Case=Ins|Gender=Neut|Number=Sing	_	_	_	@djup1961m-words#256.946#257.24
890	надо	надо	ADV	_	Degree=Pos	_	_	_	@djup1961m-words#257.24#257.534
891	следить	следить	VERB	_	Aspect=Imp|VerbForm=Inf|Voice=Act	_	_	_	@djup1961m-words#257.534#257.828
892	/	/	PUNCT	_	_	_	_	_	@djup1961m-words#257.828#258.122
893	и	и	CCONJ	_	_	_	_	_	@djup1961m-words#258.122#258.416
894	надо	надо	ADV	_	Degree=Pos	_	_	_	@djup1961m-words#258.416#258.71
895	все	все	PRON	_	Animacy=Inan|Case=Acc|Gender=Neut|Number=Sing	_	_	_	@djup1961m-words#258.71#259.004
896	менять	менять	VERB	_	Aspect=Imp|VerbForm=Inf|Voice=Act	_	_	_	@djup1961m-words#259.004#259.3
897	но	но	CCONJ	_	_	_	_	_	@djup1961m-words#259.62#259.932
898	/	/	PUNCT	_	_	_	_	_	@djup1961m-words#259.932#260.244
899	двадцать	двадцать	NUM	_	Case=Acc	_	_	_	@djup1961m-words#260.244#260.556
900	пять	пять	NUM	_	Case=Acc	_	_	_	@djup1961m-words#260.556#260.868
901	лет	год	NOUN	_	Animacy=Inan|Case=Gen|Gender=Masc|Number=Plur	_	_	_	@djup1961m-words#260.868#261.18
902	надо	надо	ADV	_	Degree=Pos	_	_	_	@djup1961m-words#261.18#261.492
903	было	быть	AUX	_	Aspect=Imp|Gender=Neut|Mood=Ind|Number=Sing|Tense=Past|VerbForm=Fin|Voice=Act	_	_	_	@djup1961m-words#261.492#261.804
904	заниматься	заниматься	VERB	_	Aspect=Imp|VerbForm=Inf|Voice=Mid	_	_	_	@djup1961m-words#261.804#262.116
905	трубами	труба	NOUN	_	Animacy=Inan|Case=Ins|Gender=Fem|Number=Plur	_	_	_	@djup1961m-words#262.116#262.428
906	/	/	PUNCT	_	_	_	_	_	@djup1961m-words#262.428#262.74
907	а	а	CCONJ	_	_	_	_	_	@djup1961m-words#262.74#263.052
908	не	не	PART	_	_	_	_	_	@djup1961m-words#263.052#263.364
909	разоблачением	разоблачение	NOUN	_	Animacy=Inan|Case=Ins|Gender=Neut|Number=Sing	_	_	_	@djup1961m-words#263.364#263.676
910	сталинизма	сталинизм	NOUN	_	Animacy=Inan|Case=Gen|Gender=Masc|Number=Sing	_	_	_	@djup1961m-words#263.676#263.988
911	а	а	CCONJ	_	_	_	_	_	@djup1961m-words#263.988#264.3
912	теперь	теперь	ADV	_	Degree=Pos	_	_	_	@djup1961m-words#264.3#264.612
913	/	/	PUNCT	_	_	_	_	_	@djup1961m-words#264.612#264.924
914	когда	когда	SCONJ	_	_	_	_	_	@djup1961m-words#264.924#265.236
915	про	про	ADP	_	_	_	_	_	@djup1961m-words#265.236#265.548
916	сталина	сталина	NOUN	_	Animacy=Inan|Case=Gen|Gender=Masc|Number=Sing	_	_	_	@djup1961m-words#265.548#265.86
917	стало	стать	VERB	_	Aspect=Perf|Gender=Neut|Mood=Ind|Number=Sing|Tense=Past|VerbForm=Fin|Voice=Mid	_	_	_	@djup1961m-words#265.86#266.172
918	неинтересно	неинтересный	ADJ	_	Degree=Pos|Gender=Neut|Number=Sing|Variant=Short	_	_	_	@djup1961m-words#266.172#266.484
919	/	/	PUNCT	_	_	_	_	_	@djup1961m-words#266.484#266.796
920	а	а	CCONJ	_	_	_	_	_	@djup1961m-words#266.796#267.108
921	трубы	труба	NOUN	_	Animacy=Inan|Case=Nom|Gender=Fem|Number=Plur	_	_	_	@djup1961m-words#267.108#267.42
922	оказывается	оказываться	VERB	_	Aspect=Imp|Mood=Ind|Number=Sing|Person=3|Tense=Pres|VerbForm=Fin|Voice=Mid	_	_	_	@djup1961m-words#267.42#267.732
923	по-прежнему	по-прежнему	ADV	_	Degree=Pos	_	_	_	@djup1961m-words#267.732#268.044
924	лопаются	лопаться	VERB	_	Aspect=Imp|Mood=Ind|Number=Plur|Person=3|Tense=Pres|VerbForm=Fin|Voice=Mid	_	_	_	@djup1961m-words#268.044#268.356
925	/	/	PUNCT	_	_	_	_	_	@djup1961m-words#268.356#268.668
926	а	а	CCONJ	_	_	_	_	_	@djup1961m-words#268.668#268.98
927	чем	что	PRON	_	Case=Ins	_	_	_	@djup1961m-words#268.98#269.292
928	вы	вы	PRON	_	Case=Nom|Number=Plur|Person=2	_	_	_	@djup1961m-words#269.292#269.604
929	занимались	заниматься	VERB	_	Aspect=Imp|Mood=Ind|Number=Plur|Tense=Past|VerbForm=Fin|Voice=Mid	_	_	_	@djup1961m-words#269.604#269.94
930	хотелось	хотеться	VERB	_	Aspect=Imp|Gender=Neut|Mood=Ind|Number=Sing|Tense=Past|VerbForm=Fin|Voice=Mid	_	_	_	@djup1961m-words#270.32#270.637
931	бы	бы	AUX	_	_	_	_	_	@djup1961m-words#270.637#270.954
932	узнать	узнать	VERB	_	Aspect=Perf|VerbForm=Inf|Voice=Act	_	_	_	@djup1961m-words#270.954#271.271
933	у	у	ADP	_	_	_	_	_	@djup1961m-words#272.09#272.416
934	вас	вы	PRON	_	Case=Gen|Number=Plur|Person=2	_	_	_	@djup1961m-words#272.416#272.742
935	каждый	каждый	DET	_	Case=Acc|Gender=Masc|Number=Sing	_	_	_	@djup1961m-words#272.742#273.068
936	год	год	NOUN	_	Animacy=Inan|Case=Acc|Gender=Masc|Number=Sing	_	_	_	@djup1961m-words#273.068#273.394
937	/	/	PUNCT	_	_	_	_	_	@djup1961m-words#273.394#273.72
938	осень	осень	NOUN	_	Animacy=Inan|Case=Acc|Gender=Fem|Number=Sing	_	_	_	@djup1961m-words#273.72#274.046
939	/	/	PUNCT	_	_	_	_	_	@djup1961m-words#274.046#274.372
940	осень	осень	NOUN	_	Animacy=Inan|Case=Acc|Gender=Fem|Number=Sing	_	_	_	@djup1961m-words#274.372#274.698
941	и	и	CCONJ	_	_	_	_	_	@djup1961m-words#274.698#275.024
942	зима	зима	NOUN	_	Animacy=Inan|Case=Nom|Gender=Fem|Number=Sing	_	_	_	@djup1961m-words#275.024#275.35
943	это	это	PRON	_	Animacy=Inan|Case=Acc|Gender=Neut|Number=Sing	_	_	_	@djup1961m-words#275.35#275.676
944	что-то	что-то	PRON	_	Case=Acc	_	_	_	@djup1961m-words#275.676#276.002
945	страшное	страшный	ADJ	_	Case=Acc|Degree=Pos|Gender=Neut|Number=Sing	_	_	_	@djup1961m-words#276.002#276.33
946	да	да	CCONJ	_	_	_	_	_	@djup1961m-words#278.438#278.722
947	/	/	PUNCT	_	_	_	_	_	@djup1961m-words#278.722#279.006
948	если	если	SCONJ	_	_	_	_	_	@djup1961m-words#279.006#279.29
949	посмотреть	смотреть	VERB	_	Aspect=Perf|VerbForm=Inf|Voice=Act	_	_	_	@djup1961m-words#279.29#279.574
950	федеральные	федеральный	ADJ	_	Animacy=Inan|Case=Acc|Degree=Pos|Number=Plur	_	_	_	@djup1961m-words#279.574#279.858
951	каналы	канал	NOUN	_	Animacy=Inan|Case=Acc|Gender=Masc|Number=Plur	_	_	_	@djup1961m-words#279.858#280.142
952	/	/	PUNCT	_	_	_	_	_	@djup1961m-words#280.142#280.426
953	да	д	PART	_	_	_	_	_	@djup1961m-words#280.426#280.71
954	/	/	PUNCT	_	_	_	_	_	@djup1961m-words#280.71#280.994
955	там	там	ADV	_	Degree=Pos	_	_	_	@djup1961m-words#280.994#281.278
956	/	/	PUNCT	_	_	_	_	_	@djup1961m-words#281.278#281.562
957	там	там	ADV	_	Degree=Pos	_	_	_	@djup1961m-words#281.562#281.846
958	все	все	PRON	_	Animacy=Anim|Case=Nom|Number=Plur	_	_	_	@djup1961m-words#281.846#282.13
959	в	в	ADP	_	_	_	_	_	@djup1961m-words#282.13#282.414
960	этом	это	PRON	_	Animacy=Inan|Case=Loc|Gender=Neut|Number=Sing	_	_	_	@djup1961m-words#282.414#282.698
961	участвуют	участвовать	VERB	_	Aspect=Imp|Mood=Ind|Number=Plur|Person=3|Tense=Pres|VerbForm=Fin|Voice=Act	_	_	_	@djup1961m-words#282.698#282.995

